objectid,name
188,go
13715,Surakarta
88,Torres
320,Scrabble
181,Risk
13,The Settlers of Catan
1797,Pay Day
1219,Labyrinth
4616,Arimaa
3570,Chicken Cha Cha Cha
3886,nine men's morris
432,Take 5
483,Diplomacy
63141,Speculation
45,Liar's Dice
5,Acquire
27443,baccarat
60,Vinci
4394,The Settlers of the Stone Age
16986,Ubongo
526,Abalone
2181,contract bridge
555,The Princes of Florence
10653,Pirates Constructible Strategy Game
1261,Medina
6866,mus
69,Bōku
30932,Lascaux
305,The Flying Dutchman
66,Löwenherz
61,Fossil
3071,Blood Bowl
5709,Touché
5255,Gorkamorka
10814,Dawn Under
902,Mutineer
40628,Finca
943,Ligretto
173,Formula D
152,Mü & More
199,Manhattan
41,Can't Stop
150,Carabande
2116,Cardino
10716,Kemps
28,Illuminati
118,Modern Art
1597,Streetcar
10,Elfenland
1730,Coppit
1258,Phase 10
121,Dune
132,Caesar & Cleopatra
214,Café International
244,Circus Maximus
3967,Battlefleet Gothic
128,Take It Easy
11330,Jass
256,Mississippi Queen
15,Cosmic Encounter
34,Arkham Horror (1st Edition)
18,RoboRally
25417,BattleLore
1115,poker
27,Supremacy
497,Vampire
46,Medici
12,Ra
2363,Orient Express
1535,Formula 1
13260,CLOWN
645,Bosworth
228,Lunch Money
619,Bottle Imp
2679,Mouse Trap
4522,The Ladybug's Costume Party
130,Iron Dragon
45,Liar's dice
2779,Sauron
772,Ausbrecher AG
614,Rubik's Puzzle Match
926,Catan: Cities & Knights
230,Merchant of Venus
2821,Uno Stacko
10013,La Foi et le Glaive
8395,Giganten (board game)
26,Age of Renaissance
74,Apples to Apples
6282,Azhanti High Lightning
1032,"B-17, Queen of the Skies"
96,Broadsides and Boarding Parties
254,Empires in Arms
14832,Assault Across the Suez
1901,Star Fleet Battle Force
5824,The Kids of Catan
126,The Really Nasty Horse Racing Game
450,Octi
423,1856: Railroading in Upper Canada from 1856
19030,Frankenstein
33160,Endeavor
54,Tikal
116,Guillotine
380,Polarity
1159,Evo
232,Serenissima
28989,Garçon
196,Kremlin
50,Lost Cities
42,Tigris and Euphrates
286,Machiavelli
175,Beat the Buzzard
2346,DVONN
12589,Razzia!
528,ZÈRTZ
72,Traitor
118610,Santa Cruz
7006,Management
67,Conquest
7,Cathedral
30,Dark Tower
5770,Orchard
94,Union Pacific
73439,Troyes
3085,Gang of Four
14982,Revenge of the Dinosaurs
53953,Thunderstone
392,Brawl
542,Democrazy
335,Breakthru
11730,Diam
4282,Farkle
3319,Neutreeko
168,Empire Builder
1599,StarGate
1717,Freedom in the Galaxy
76,Air Baron
639,American Megafauna
3616,BattleForce
13765,Bizingo
14258,Blood Feud in New York
1817,Devil Bunny Hates the Earth
1420,Don't Go to Jail
6411,Rumis
115,I'm the Boss!
679,Minion Hunter
8033,Search & Destroy: Tactical Combat Vietnam 1965-1966
1035,Squad Leader
484,Stratego: Legends
1202,The Sorcerer's Cave
2904,Third Reich/Great Pacific War series
12597,Thunder on South Mountain
3074,Uncle Wiggily
589,Wiz-War
103,Titan
10431,Epic
49,Mamma Mia!
2197,Kensington
22287,Buccaneer
57,Schoko & Co.
1702,Klondike
545,Kaleidos
242,Junta
93,El Grande
700,Battle Masters
51,Ricochet Robots
1117,You're Bluffing
442,Um Reifenbreite
95,Igel Ärgern
485,Galloping Pigs
58,Kings & Things
444,Escape from the Hidden Castle
438,Scotland Yard
2987,Pirate's Cove
98,Axis & Allies
5400,janggi
10630,Memoir '44
11,Bohnanza
3626,Demons
804,Thunder Road
2613,Intruder
1428,Image
4123,Gambler
1405,Adventurer
1679,Carrier
827,Attila
3084,Buccaneer
13373,Choco
3125,7th Sea
119974,Syzygy
4025,Lankhmar
3151,Star Fighter
321,Mole in the Hole
62,Curse of the Mummy's Tomb
325,Seafarers of Catan
6919,Invasion: Earth
3487,BattleTech Collectible Card Game
8063,Ghettopoly
759,Turning Point: Stalingrad
404,Worm up!
403,Elk Fest
310,Wizard's Quest
7535,Timelag
10510,Piepmatz
29741,Banqi
1443,Alpha Blitz
22552,Bugs! Bugs! Bugs!
6541,Articulate!
3162,Invasion of the Air-eaters
3560,Ice War
3553,Close Action
6205,Europe Engulfed
3674,Fast Attack Boats
720,Fast Food Franchise
36,Federation and Empire
3249,Rescue from the Hive
1631,Barbarian Prince
5876,Grav-Ball
2161,Tyranid Attack
2756,Alien Contact: Extraterrestrial Empires in Conflict
618,MLB Showdown
24417,Factory Fun
7263,Nertz
372,Schotten-Totten
2123,Shadowrun: The Trading Card Game
5177,DungeonQuest Legends
2802,War in Europe
104710,Wiz-War
2130,Young Jedi Collectible Card Game
7834,3-stones
1773,Dawn of the Dead
2903,The Hunt for Red October
3673,Hot Spot
40,Borderlands
122298,Fungi
4009,Breitenfeld
1709,Trireme
3706,Batik
1536,Lord of the Fries
1772,Asteroid
178053,Schatz-Rabatz
19999,Aton
2076,Gulf Strike
2277,Lose Your Shirt
202,Targui
1632,Shapeshifters
17393,Pax Romana
3993,Necromancer
3160,Holy War
121041,Pluckin' Pairs
169,En Garde
13801,Napoleon's Last Campaigns
157,Eurorails
29,Terrain Vague
3341,Burn Rate
21854,Los Mampfos
28181,Combat Commander: Pacific
15158,Carcassonne: Expansion 3 - The Princess & The Dragon
235927,Dino World
18158,Manassas
3848,Ultimate Combat!
3637,Triplanetary
116484,Euro Miljonairs
3251,Barbarian Kings
219215,Werewords
22,Magic Realm
339,Quiddler
420,Rail Baron
3966,The Succession Wars
1729,Wide World
239,"Wagram: The Peace of Vienna, 5-6 July 1809"
75,Falling
446,Avalanche
3608,Air Force
1475,Careers
594,Sleuth
1662,Napoleon
1542,Calamity
992,Alcazar
620,We the People
1593,Down with the King
765,Space Walk
23920,Border Reivers
11971,Cockroach Poker
22877,Fields of Fire
1190,Continuo
508,Blue Max
16778,Magneton
1992,Stop Thief
2259,Afrika Korps
1613,Which Witch?
2499,Equate
119,Kingdoms
24,Twilight Imperium
4977,VOR: The Maelstrom
237,Wooden Ships and Iron Men
283,Advanced Third Reich
177,Advanced Civilization
330,Block Mania
17804,Dungeons & Dragons Basic Game
2115,Free Parking
2728,Game of the Generals
3685,Hammer of the Scots
43015,Hansa Teutonica
2995,Sniper!
117,Ta Yü
2063,The Great Khan Game
944,Mag·Blast
427,Grass
221,Shogun
6368,King Arthur
9220,Saboteur
826,Cartagena
9216,Goa
4286,A Game of Thrones
701,A House Divided
3417,Tribulation
553,Chez Geek
2047,Up the Creek
200,Entdecker
397,Diskwars
20694,Sillage
1421,Lost Worlds
124,Primordial Soup
153,Take 5!
108,TAMSK
1330,Savannah Café
227,Knightmare Chess
2425,Battleship
97,Conquest of the Empire
1771,Cosmic Coasters
748,Trax
19,Drunter und Drüber
215,Tichu
120,Hoity Toity
4192,Warhammer
1353,Time's Up!
4636,Clans
908,Tally Ho!
8098,Jungle Speed
4505,French tarot
1604,The Mad Magazine Game
340,Frank's Zoo
1770,Aliens
2812,Platoon
7566,The War of the Worlds
770,Loot
1693,Gladiator
856,"New York, New York"
220,High Society
23692,Stack
27356,Portobello Market
189,The Settlers of Nuremberg
110794,Catan Scenarios: Oil Springs
1762,HeroQuest: Kellar's Keep
194,Groo: The Game
13123,500
923,Breakaway Rider
4623,The Fast Carriers
85,Quebec 1759
1628,Elric
218,High-Bid
11027,Reich
260,Starship Troopers: Prepare for Battle!
45986,Stronghold
9022,In the Kingdom of the Polar Bear
56931,Arena: Roma II
144189,Fire in the Lake
1177,Die Ritter von der Haselnuss
4245,Asteroid Zero-Four
2376,The Wreck of the B.S.M. Pandora
202977,Cytosis: A Cell Biology Board Game
2746,Asteroid Pirates
21239,Rocketville
1145,City of Chaos
803,Dragonhunt
255,"Jena-Auerstadt: The Battle for Prussia, 14 October 1806"
3,Samurai
32337,About Time
2290,Ghosts
3931,Mare Nostrum
23418,Pursuit of Glory
1301,Netrunner
3720,Subbuteo
201,The Rose King
2955,Mexica
250,Colonial Diplomacy
23,Divine Right
1,Die Macher
20,Full Metal Planète
3435,Oh ! les nains
12316,Sky My Husband
1270,Star Wars Customizable Card Game
17,Button Men
12902,Carcassonne: The City
1561,Cluedo Master Detective
2129,Crossbows and Catapults
13777,Dablot Prejjesne
176,Give Me the Brain
1070,Shadows in the Forest
1197,Blink
2398,cribbage
135,Kontor
7338,Epaminondas
5782,Coloretto
224,History of the World
394,Kahuna
361,Hare and Tortoise
14447,Gothic Chess
478,Citadels
34856,circular chess
165,Black Box
71,Civilization
1634,Warhammer Quest
252,Borodino
11929,Gomoku
466,Inkognito
6647,Ecopolicy
382,Top Secret Spies
243,Advanced Squad Leader
3585,Sorcerer
416,A to Z
63,Samurai
754,Domain
1541,Mega-Mania
316,Chase
117985,Star Trek: Catan
4099,Keythedral
41019,Sherwood Forest
4278,Battle Over Britain
1629,Air War
4008,Cobra: Game of the Normandy Breakout
795,Dragonlance
77,EastFront
13269,Lee Moves North
3438,Shendao
821,La-Trel
111,Rheinländer
68,Successors
345584,Mindbug: First Contact
4255,Ney vs. Wellington: The Battle of Quatre Bras
3894,Brilliant Lances
721,Oregon Trail
15410,Walk the Dogs
359871,Arcs
81453,Famiglia
326199,"Stuffed Fables: Oh, Brother!"
1557,Space Empires
4195,War of the Ring: The Game of Middle Earth
1560,Hero: A Game of Adventure in the Catacombs
1792,Star Viking
2986,Web and Starship
4379,Bug-Eyed Monsters
15033,Australia
2405,Bezique
2392,Mastermind
11753,Nim
2653,Survive: Escape from Atlantis!
1293,Boggle
1373,Midway
487,Power
4271,Artifact
6634,Crescendo
3244,Hype
21654,Iliad
235,Blackbeard
2324,Last Frontier: The Vesuvius Incident
147,Crude: The Oil Game
6388,Star Wars: Battle at Sarlacc's Pit
1681,Tokyo Express: The Guadalcanal Naval Campaign – 1942
1924,Maloney's Inheritance
6792,Star Wars: Hoth Ice Planet Adventure
26193,Cum Laude
12826,Tumblin’ Monkeys
11132,Hitler's Last Gamble
112,Condottiere
5485,Atlantic Wall
39,Darkover
2082,Shell Shock!
6212,Doorways to Horror
58782,Bluffer
2697,Spice Navigator
1998,Tutankhamen's Revenge
13415,Star Empires
33628,Quizimaze
19948,Rum & Pirates
17209,Cineplexity
234,Hannibal: Rome vs. Carthage
37387,Steel Driver
43539,Battlestar Galactica: The Board Game
51811,Dominion: Seaside
5405,Carcassonne: Expansion 2 - Traders & Builders
37919,Ascending Empires
59,Giganten
6247,Pegity
3548,Assault on Hoth: The Empire Strikes Back
1910,Venice Connection
2215,They've Invaded Pleasantville
6687,Lords of the Middle Sea
2194,Chitin: I
7397,Atlantis - 12500 B.C.
4259,The Trojan War (board game)
2483,Viking Gods
25750,Space Marine Assault
4666,Fields of Honor: The American War for Independence
3376,The Company War
9736,"Crusader: Battle for Tobruk, November 1941"
27126,Strategy on rails
12005,Around the World in 80 Days
3347,Solo
36218,Dominion
3183,Car Wars
24181,Imperial
3230,Tyros
859,Illuminati
2087,Magic Dance
8939,Der wahre Walter
616,Egghead
11168,Flames of War
35575,Capablanca chess
4317,Mayday
20467,Conquest
62227,Labyrinth
16444,Battle of the Bulge
8095,Prophecy
77130,Civilization
30210,Dragons
21324,Abande
1380,Jockey
43034,Tonkin
109125,Wallenstein
18143,Rare Species
2428,Battle Cry
24247,Formula 1 Grand Prix
6112,Battle Dome
16620,Domination
19351,Dark Millennium
18144,Lensman
41789,Panzer Warfare
2160,Robots!
17534,Just 4 Fun
2228,War of the Ring
5205,G.E.V.
5867,10 Days in Europe
32514,South Dakota Trivia Trails
138161,Firefly: The Game
151228,"Eiertanz, Das Kartenspiel"
235944,Cheating Bumblebee
22457,Axis & Allies: Battle of the Bulge
8721,Hof Gap
28720,Brass: Lancashire
4390,Carcassonne: Hunters and Gatherers
7654,Challenge The Yankees
25337,Doctor Who – Battles in Time
31949,Fistful of TOWs
172933,Dragonwood
32674,Monsterpocalypse
23308,Pirates of the Caribbean Trading Card Game
4171,Sailor Moon Collectible Card Game
39007,Sniper!
6778,The Settlers of Zarahemla
28936,whale shogi
4407,Don't Miss the Boat!
6887,Hearts
313,Big Boss
5432,snakes and ladders
315,bagh-chal
5404,Amun-Re
3228,Pueblo
29396,senterej
11646,Piquet
2322,Malefiz
40531,Cosmic Encounter
1915,Middle-earth Collectible Card Game
1602,Royal Game of Ur
171,chess
1502,Hotel
4091,Epic
7451,Jarnac
938,Enchanted Forest
12333,Twilight Struggle
2759,Havannah
28096,De Bellis Magistrorum Militum
12995,Dungeon Twister
8304,So Long Sucker
10565,Fits
864,Mage Knight
1063,Schraumen
34189,Aficionado
23977,Hell Dorado
1452,Mhing
38343,Ad Astra
925,Werewolf
17025,Poison
57390,Catacombs
40354,Maria
10073,Triumph
1890,Plateau
5035,Panzer Armee Afrika
4866,Park and Shop
14662,NE-spelet
6946,Wolfpack
86128,Barons
300531,Paleo
5724,The Great Patriotic War: Nazi Germany vs. the Soviet Union
354886,Quacks & Co.: Quedlinburg Dash
8754,The Moscow Campaign
112138,Krosmaster: Arena
140620,Lewis & Clark: The Expedition
53093,Heroes of Normandie
6914,Beda Fomm
7032,Eagle Day: The Battle of Britain
2666,A Mighty Fortress
4372,Froop!
147114,Get the white!
19622,A Victory Lost: Crisis in Ukraine 1942-1943
24025,Attacktix Battle Figure Game Marvel Superheroes
16395,Blokus Duo
23950,Viktory II
37371,Piece o' Cake
42617,Dune Express
55660,Dixit: Quest
75223,Utopia Engine
39217,Fighting Formations: Grossdeutschland Motorized Infantry Division
2599,Valkenburg Castle
2150,London's Burning
20545,Rory's Story Cubes
3662,BattleFleet Mars
3667,Star Fleet Battle Manual
4139,Rommel's Panzers
2709,The Beastlord
2678,Voyage of the B.S.M. Pandora
3036,Kung Fu 2100
1633,Spies!
244144,Catan Histories: Rise of the Inka
3896,Struggle for the Throne
12962,Reef Encounter
2524,Starforce: Alpha Centauri
2808,The Russian Campaign
4105,The Wheel of Time Collectible Card Game
15364,Vegas Showdown
41254,Sune och ryska posten
11901,tic-tac-toe
422,1835
217,A la carte
3656,score four
421,1830: The Game of Railroads and Robber Barons
1294,Cluedo
2065,shogi
38735,The Swarm
16320,Bonnie and Clyde
290484,Unsettled
12314,Newmarket
4411,Citadel
2088,Coup
28023,Jamaica
58281,Summoner Wars
16498,Inka
4147,Spellbinder
32270,Catan Geographies: Settlers of Hesse
298477,Tellstones: King's Gambit
4316,Belter
2262,Mythology
2743,Starfall
135611,Game of the Owl
5541,Barbarossa: The Russo-German War 1941-45
8736,Kasserine Pass
41066,Virgin Queen
7502,Leros: The Island Prize
7625,Tomorrow the World
719,Tyranno Ex
8727,"U.S.N.: The Game of War in the Pacific, 1941–43"
3268,Bunker Poker
332686,John Company
15987,Arkham Horror (2nd Edition)
11949,Shifting Sands: The Campaign for North Africa 1940-1943
38531,Powerboats
63778,Word on the Street Junior
2993,Carcassonne: Expansion 1 - Inns & Cathedrals
271601,Feed the Kraken
261683,Cloomba
104577,Chazz
94104,Omen: A Reign of War
31725,The Crocodile-Game
12677,High Bohn Plus
247763,Underwater Cities
3062,Pyramis
161936,Pandemic Legacy: Season 1
7377,Tri-Ba-Lance
20685,Henne Berta
3039,Swordquest
1781,The Warlord Game
5200,Helltank
22706,Geoprimo
2837,Ant Wars
3242,Clash of the Gladiators
10301,"The Battle of Nations: The Encirclement at Leipzig, 16–19 October 1813"
13337,whist
9674,Ingenious
3219,Demonworld
4148,Mehen
17710,Conquest of the Empire
1334,Entdecker
2938,Zatre
21270,fortress chess
1231,Bausack
2288,Blood Bowl
891,Cranium
43528,World Without End
12745,Teetotum
949,TwixT
7688,Memory (game)
3072,Necromunda
1098,Judge Dredd
623,Swashbuckler
29581,Tomb
56692,Parade
3190,Quixo
92643,Artus
3486,Bataclan
906,Abilene
3972,Catan: Portable Edition
198830,"Heroes of Land, Air & Sea"
71973,Crows
218311,Deckscape: Test Time
3615,Agincourt
3712,Tac Air
172,For Sale
494,Ave Caesar
5174,Lingua
4290,Pickett's Charge
32341,Cockroach Salad
7865,10 Days board games
1712,Showbiz
260428,Pandemic: Fall of Rome (2018)
159492,The Game of 49
211,Times to Remember
5276,Verdun: The Game of Attrition
430,Asterix – The cardgame
11778,Cat & Mouse
3707,Red Storm Rising
3643,Spellmaker
30601,DDR-Reise
440,Zoff in Buffalo
31335,Jantaris
4095,Star Munchkin
14249,Pank-a-Squith
702,Wabbit Wampage
2736,The Lonely Mountain
1829,Risk 2210 A.D.
11182,Super Scrabble
14247,The Mansion of Happiness
7215,To the Green Fields Beyond
1442,Victory in the Pacific
3466,WarpWar
199042,Harry Potter: Hogwarts Battle
12938,Star Trek: The Next Generation: The Board Game
2389,Othello
9385,Yota
10997,Boomtown
2511,Sherlock Holmes Consulting Detective
38545,Kamisado
5364,makruk
27173,Vikings
35488,The Name of the Rose
363307,Evergreen
4688,Angola
6943,Coral Sea
1101,Flying Carpet
1782,Ancients
1246,Insecta (board game)
52825,De Kolonisten van de Lage Landen
7794,Valley Forge
22245,Royal Visit
8538,Ironbottom Sound
2952,Trivial Pursuit
681,Quarto
7003,The Battle of Britain
7640,The Fall of Tobruk
741,Trajan
147999,Händler der Karibik
18745,Sun Tzu
117838,Oz Fluxx
9092,Avalam
5940,Bug Hunter
8481,Crusader Rex
21348,Ticket to Ride: Märklin
40935,Zoowaboo
31784,Carcassonne: Expansion 5 - Abbey & Mayor
29603,D-Day at Omaha Beach
102548,Dungeon Fighter
17329,Animal Upon Animal
158991,Hannin Wa Odoru
172596,Monster My Neighbor
1738,Castle of Magic
5130,Afrikan tähti
1435,4000 AD
28962,No Time For Sergeants
115997,Co-opoly
31016,We Didn't Playtest This At All
4408,Cyborg
5484,King Arthur
4204,Tunisia
42215,Tobago
21754,Nottingham
1571,Sanctuary
4150,Bakari
4355,Therapy
66362,Glen More
1868,Conquistador
1719,Dark Emperor
9950,Free Willy Game
18401,Wacht am Rhein
4587,Roller Coaster Hippo
1510,Class Struggle
2784,Plague!
8782,"Narvik: The Campaign in Norway, 1940"
5155,Dorada
10973,Dice games properly explained
35964,duck! duck! Go!
30450,Railways of Europe
55427,Mr. Jack in New York
43018,Agricola: Farmers of the Moor
21385,Carcassonne: Expansion 4 - The Tower
1187,The Fellowship of the Ring
65532,Defenders of the Realm
387780,Rats of Wistar
295895,Distilled
419704,Phoenix: New Horizon
1143,Warrior Knights
14321,Wortfix
1012,Die Magier
141517,A Study in Emerald
73725,Dragon Riders Triumphant
3042,Survival / The Barbarian
163983,Squirrel or Die
18833,Lord of the Rings: The Confrontation
28218,Cash-a-Catch
30869,Thebes
34635,Stone Age
25772,Astoria
41247,Mia
25213,30 Seconds
28050,Pixel
33690,ludus duodecim scriptorum
2536,Vabanque
6383,Life Style
14040,¡New Amici!
12570,Provopoli
7854,YINSH
91424,Plan social
11229,Star Wars Miniatures
3384,Kerrunch
1589,Star Fleet Battles
10815,craps
15832,Professional eater
2136,Ludo
5217,Eleusis
7108,three-player chess
68264,No Retreat! The Russian Front
448353,World Traveler Board Game
2162,"Warhammer 40,000"
878,Wyatt Earp
1519,Kult
670,Starship Troopers
12168,D-Day
1816,Mississippi
1501,Masterpiece
58099,Granada
2280,Marco Polo
2388,Dark Nebula
7334,Knockout
265,Intrigue
2720,Shooting Stars
19803,Martian chess
731,Escape from New York
2209,Klondike
156009,Port Royal
2285,Dark Future
3467,Star Quest
877,Troia
42452,Rattus
788,Tales of the Arabian Nights
1149,DragonStrike
1708,Stellar Conquest
17027,Sitting Ducks
1146,Shadowlord
21918,Kampen om Rai
5694,Highly Suspect
4281,Freeloader
1933,Key to the Kingdom
7290,Dynasty League Baseball
9597,Noah's Park
8487,Ants in the Pants
2236,Streets of Stalingrad
7966,Nomad Gods
10224,Strike Team Alpha
15005,Rift Trooper
1484,Clue: The Great Museum Caper
12065,Wig Out
875,Roads & Boats
11371,Hey Pa! There's a Goat on the Roof
4832,Allenby's Blitzkrieg
3040,Star Trek II: Starship Combat Simulator
4634,Warhammer Warriors Battle Books
1920,Mine a Million
137,Pass the Bomb
710,Snit's Revenge
1194,Speed Circuit
5740,Strat-O-Matic Football
162,The Awful Green Things From Outer Space
714,Talisman
559,Metro
4325,Conflict
940,Karawane
140,Pit
963,Carat
249,Lifeboats
210,Don Pepe
248,Blood Royale
327,Looping Louie
39602,Moruba
1275,221B Baker Street
39610,Obridjie
354,Sticheln
713,Nuclear War
13089,Wie ich die Welt sehe...
520,Axis & Allies: Europe
25990,Cavaliers and Roundheads
185,Devil Bunny Needs a Ham
6535,Don't Wake Daddy
99,Fortress America
2402,Ghoulash: The Last Game on Earth
698,Gother Than Thou
37058,Micro shogi
83477,Heian shogi
10213,Fox games
257,Kill Doctor Lucky
3086,Omega Virus
3837,Rat-a-Tat Cat
4643,Fire and Ice
23033,Push
22303,Celebrity
25260,Garden Party
2235,Ido
1444,SPQR
12692,Gloom
24068,Shadow Hunters
14035,Piranha Pedro
19996,Magician's Night
12747,Scarabeo
19671,Battlestar Galactica Collectable Card Game
27364,Caylus Magna Carta
9388,Toc Toc Toc !
3542,XIII: Le Complot
25292,Merchants & Marauders
22827,StarCraft: The Board Game
12646,Acronymble
17480,Battlelords
38707,Bushido (game)
59946,Dungeons & Dragons: Castle Ravenloft Board Game
23387,Conan Collectible Card Game
92044,Conquest of Nerath
5864,Flight of the Goeben
13713,peg solitaire
25643,Arkadia
1917,Stratego
16369,Das Kleine Gespenst
2944,Halli Galli
37111,Battlestar Galactica: The Board Game
9735,Duell
9609,War of the Ring
27588,Zooloretto
19432,hexagonal chess
2655,Hive
9209,Ticket to Ride
1295,Pente
29146,Okey
13884,The Scepter of Zavandor
30596,grand chess
8166,Anno 1503
25613,Through the Ages: A Story of Civilization
18936,Bauernschnapsen
13726,Hyena chase
27746,Colosseum
5316,Epic
224031,Cartagena
16596,Jetan
14188,bughouse chess
37730,Im Fadenkreuz: Europa
37904,Formula D
2136,Parcheesi
3699,Killer Bunnies and the Quest for the Magic Carrot
8203,"Hey, That's My Fish!"
814,Aquarius
1329,Entropy
1387,Alaska
4173,Anzio
104006,Village
14123,Apocalypse
5242,Y
2559,Blockade
21845,Crossings
2891,Starfire
2168,Hitler's War
13745,Bul
2025,Frag
9028,Tongiaki
798,Ace of Aces
22345,Yspahan
6824,De l'Orc pour les braves
109797,Kharbaga
6346,NBA Showdown
18794,SuperGang
12493,Twilight Imperium
2998,Reds!
48871,Irensei
1923,MindTrap
18243,Parthenon: Rise of the Aegean
7065,Pusher
4294,The Thin Red Line
5052,Austerlitz
3663,Outreach
73765,Jericho
72125,Eclipse
99219,Swish
12385,Bladestorm
4537,Baston
182028,Through the Ages: A New Story of Civilization
5244,Star Wars: Destroy Death Star
4472,Arnhem Bridge
8360,Lost Battles: Operational Combat in Russia
9441,Ribbit
92499,Djam
10682,Atlas & Zeus
11607,Collection particulière
200147,Kanagawa
12898,La Bataille d'Auerstædt
17396,Manoeuvre
3507,Go Golly!
4598,Word Rummikub
17851,Pizza Box Football
20881,You Must Be an Idiot!
32125,Felicity: The Cat in the Sack
30933,BANG! The Bullet!
108831,Kulami
22038,Warrior Knights
97903,Terror in Meeple City
105593,Cheating Moth
11972,Monte Rolla
1710,The Siege of Jerusalem
66825,Kraken-Alarm
10511,Gute Freunde
13542,De Ontembare Stad
4683,Prochorovka: Armor at Kursk
5199,The Lords of Underearth
10989,ConHex
11378,Deep Space Navigator
84419,Space Empires 4X
17240,That's Life!
167270,Medina
123417,bagatelle
35497,Fauna
87893,Take It or Leave It
40692,Small World
34084,Witch's Brew
73171,Earth Reborn
17530,Go-Stop
25120,cheskers
30795,Babylon 5: A Call to Arms
58565,Panic Tower!
35704,Shadows over Camelot: Merlin's Company
31887,AmuseAmaze
20253,Diaballik
39481,Katro
28298,Bendomino
25343,baroque chess
80979,Fortuna
29109,Dust
154880,Voodoo
110327,Lords of Waterdeep
167948,Almirante
54625,Space Hulk
103886,Star Wars: The Card Game
191203,Commander Chess
33643,Whoowasit?
189626,Waurie
191004,My First Stone Age
191065,Castle Flutterstone
94625,Octoverso
209685,Century: Spice Road
233502,katarenga
108906,Thunder Alley
205596,Darwin's Dice
127685,Suffragetto
232045,Shaky Manor
37589,Cluedo: Discover the Secrets
222887,Twin it!
171131,Captain Sonar
245704,Anchors Aweigh!
86073,5 Seconds Rule
171233,The Big Book of Madness
163377,Rolling Japan
70142,Sannin shogi
145,Metropolis
91,Paths of Glory
12891,Friedrich
1465,Wizard
633,Elixir
527,GIPF
4978,Warzone
715,Escape from Colditz
7116,Don't Be Annoyed
4040,Triominoes
163,Balderdash
6873,Letra-Mix
2240,The Mad Magazine Card Game
21632,To Court the King
4143,Guess Who?
41126,Le Magistral
18901,Monopoly: Here and Now
5711,Squad Seven
1289,All The King's Men
106217,Hawaii
18985,Battleground
88408,Nightfall
65781,London
22266,Zig-Zag
291550,Foto Fish
247314,Concept Kids: Animals
162082,Deus
86669,Catan Scenarios: Helpers of Catan
144415,Nauticus
137152,Mucca Pazza
310448,Zombie Teenz Evolution
373106,Sky Team
449555,Instant Propose
40941,Hide the Kids!
304450,Detective Charlie
144553,The Builders: Middle Ages
22465,On the Dot
29411,Castle Knights
144592,Bruxelles 1893
5783,Imajica
173442,Empires: Age of Discovery
155451,Guild Ball
322289,Darwin's Journey
47616,Ghost Stories: White Moon
25584,If Wishes Were Fishes!
198928,Pandemic: Iberia
34320,Shanghaien
38378,Galaxy Trucker: The Big Expansion
298069,Cubitos
371433,Terrorscape
111124,Dark Moon
107576,Stone Age: The Expansion
168215,Saboteur: The Duel
362202,Zombie Kittens
131457,Septikon: Uranium Wars
44163,Power Grid: Factory Manager
108080,Shadows Upon Lassadar
27325,Power Projection: Escort
36250,Spanish Checkers
192291,Sushi Go Party!
215840,Exit: The Game – The Forbidden Castle
1563,Rise and Decline of the Third Reich
3343,Go for Broke
1525,Dixie
865,Landslide
15182,Destination
40398,Monopoly Deal
3870,7 Ages
2970,Squatter
18741,Big Elementary School Game
92644,Schnappt Hubi!
42105,Mixmo
40943,Booleo
33691,hnefatafl
36910,Oktaeder
39373,The Jolly Darkie Target Game
10893,Allegiance: War of Factions
4176,Armies of Arcana
13776,Ashtapada
20731,Capes & Cowls
1506,Conquistador: The Age of Exploration
3339,Diceland
9379,Escalado
7649,Eurocracy
3945,Forbidden Bridge
14423,Hūsker Dū?
2484,Journey through Europe
17379,Micro Armour: The Game – WWII
3518,Napoleon in Europe
19329,NASCAR Race Day
15363,Nexus Ops
2238,PanzerBlitz
1986,Spy Alley
10084,Stuff Yer Face
1783,The Creature That Ate Sheboygan
16992,Tsuro
32597,3-6-9
2281,Pictionary
14808,Marvel Heroes
2136,Mensch ärgere dich nicht
2136,Pachisi
3565,Mordheim
503,Through the Desert
655,Castle
240,Britannia
9138,Teeko
2593,Pass the Pigs
29316,The Landlord's Game
1042,Dragon's Gold
258,Fluxx
1513,Republic of Rome
9734,Rubiks Mühle
15271,Contrario
295,Europa 1945-2030
6068,Queen's Necklace
278,Catan Card Game
491,Web of Power
25420,Ur
123260,Suburbia
38778,Heads of State
36235,The Duke
20436,Stonehenge
30093,King of the Hill
27532,Vineta
234429,Raids
139030,Mascarade
148730,Copa
170042,Raiders of the North Sea
62871,Zombie Dice
166031,Sword Girls
244992,The Mind
21207,Tumbling Down
102794,Caverna: The Cave Farmers
205637,Arkham Horror: The Card Game
153065,Linko!
172507,Mmm!
118051,Spinnengift und Krötenschleim
164949,"Time of Crisis: The Roman Empire in Turmoil, 235-284 AD"
206150,1754: Conquest – The French and Indian War
175914,Food Chain Magnate
129948,The Palaces of Carrara
178054,A Study in Emerald
142299,Swords and Heroes: Starter Set
27760,Catan: Traders & Barbarians
60707,Conspirateurs
147352,Cuboro Tricky Ways
26873,Kruzno
118656,penultima
22825,Tide of Iron
62207,Tavreli
155703,Evolution
55670,Macao
1345,Genoa
3104,Chameleon
40352,We play shopping
23053,Guatemala Cafe
19857,Glory to Rome
14196,Ocean Trader
18216,Share Mania
68425,Eminent Domain
9077,La Grande Armée
20112,Composio
5294,Fury in the West
3009,King of the Mountain
217861,Paper Tales
593,Favoriten
11147,Ea$y Money
6544,Battle for Moscow
30023,Ligny: Incomplete Victory
33812,Island Trader
12245,Trap Surprise
4580,Who Is Going to Do the Dishes?
2337,Droids
16497,Rat Hot
11497,KaleidoChess
40819,Cheese Chasers
66121,Race for the Galaxy: The Brink of War
263895,City of the Great Machine
89962,Angry Birds: Knock on Wood
533,Labyrinth: The Card Game
7191,Tau Ceti 2015 AD
7042,Hyper Battle
2214,Saga (microgame)
273976,Talisman: Kingdom Hearts
13064,Gamma World: Gamma Knights
2876,Mage Knight Dungeons
254226,Unlock! Exotic adventures
10183,Napoleon at Leipzig
4916,"Great War at Sea: 1904-1905, The Russo-Japanese War"
8243,Rolit
2250,Midway
13208,Thin Ice
1041,San Marco
30936,OUST
21955,Treehouse
1701,Toscana
169786,Scythe
2149,Renfield
15511,Fjords
31198,War at Sea
2962,Inner Circle
3577,Terrible Swift Sword
6492,Tanbo
6263,King's Breakfast
8208,Trial of Strength
9095,Classical Diplomacy
26768,Stixx
189474,hostage chess
30686,Taliesin Master Game
39683,At the Gates of Loyang
988,Zapp Zerapp
28025,Wicked Witches Way
37698,Le Cochon qui rit
18723,"Aye, Dark Overlord!"
5548,VII Legio
29259,Axis & Allies: Guadalcanal
13754,Kaooa
23864,Clobber
24698,Dameo
7791,Don't Give Up the Ship!
9386,IceTowers
37120,Pack & Stack
1836,Solarquest
936,The Fury of Dracula
2866,The London Game
1962,TriBond
2652,Wise and Otherwise
9446,Blue Moon
7682,Go Fish
10890,Behind
2386,Chinese checkers
12608,Chess960
12004,Candamir: The First Settlers
100480,Freedom
117959,Las Vegas
2422,Bismarck
73664,Cabo
10889,Akron
31383,Sho
8217,San Juan
2629,Ramses II
13921,Cemetery Hill
3359,Anagrams
70919,Takenoko
11102,Jews out!
7537,Subulata
8930,Buffy the Vampire Slayer Collectible Card Game
8147,Maka Bana
3394,Monopoly: The Simpsons
4934,Battling Tops
55127,Bailout! The Game
4378,Cootie
24800,Conflict of Heroes: Awakening the Bear! – Russia 1941-42
847,Feudal
2750,Imaginiff
26947,Italian draughts
3988,Life as a BlackMan
34615,New World: A Carcassonne Game
10156,The Russian Campaign
12232,Wall Street Spin
18813,Congo
1498,Paydirt
22085,Baron
43022,Yomi
5588,Perfection
6978,Neutron
8747,Chinese Farm
7026,Grunt
7296,Goth
1499,World in Flames
76684,Launch Pad
42490,Pony express
12856,Shove ha'penny
11484,Dindons & Dragons
36946,Red November
10096,Splotch!
9801,Ostrakon
7694,Krypto
136493,Ugolki
8196,AeroTech
7717,Carcassonne: The Castle
10785,D-Day: The Great Crusade
1233,Facts in Five
25471,five-field kono
23686,Gift Trap
8122,Konane
4558,Take Off!
144859,Masonic shogi
2003,Spectrangle
3730,Statis Pro Baseball
9755,Tales of the Crystals
1515,Upwords
7240,Vanished Planet
4816,Xactika
18683,Salta
27380,Origo
15639,Mysteriet på Greveholm
31821,Goita
115746,War of the Ring
38678,Novem
34585,Keltis
200890,Pixie Queen
40529,Cosmic Encounter
18699,EinStein würfelt nicht!
205317,Doom: The Boardgame
10547,Betrayal at House on the Hill
25433,Phutball
83480,Sho shogi
180199,Colonial Twilight: The French-Algerian War
386508,NEON
68448,7 Wonders
24771,Null & Nichtig
342730,Detecteam Family: One Egg Too Many
23679,"Warriors of God: The Wars of England & France, 1135-1453"
34127,Ticket to Ride: The Card Game
34170,Potion-Making: University Course
230342,InBetween
55834,Mosaix
329670,Pandemic: Hot Zone – Europe
20609,Asia Engulfed
18748,Unhappy King Charles!
250780,Sherlock: Last Call
66588,Wits & Wagers Family
265736,Tiny Towns
413246,Bomb Busters
93260,Summoner Wars: Master Set
128927,Shinobi: War of Clans
287576,Tiny Towns: Fortune
153571,Bug Race
99808,Pizza Theory
75809,Pocket Pro Golf
352997,Uno All Wild!
125921,Catan: Junior
25277,Richard III: The Wars of the Roses
96704,Fealty
80006,Mord im Arosa
355093,Woodcraft
85325,Kolejka
4001,Epic
2229,The Game
823,Lord of the Rings
26920,Turkish draughts
9079,Das kaufmännische Talent
8495,De Bellis Multitudinis
929,The Great Dalmuti
9010,Dvorak
1931,Anti-Monopoly
624,Quoridor
20203,Breakout
260180,Project L
66851,Schlag den Raab: Das Spiel
67178,Water Lily
121076,Home Sweet Home
143175,Kashgar: Merchants of the Silk Road
118025,Waka Waka
259081,Machi Koro Legacy
267735,Deckscape: Behind the Curtain
262712,Res Arcana
295770,Frosthaven
170969,Gigamons
126159,Mausgetrixt
246696,Monster Match
359970,Challengers!
31775,Ex*Pion
257499,Arkham Horror (3rd Edition)
220308,Gaia Project
131366,Eight-Minute Empire
17815,Skript
27165,Age of Discovery
20847,Take Stock
6217,War of Wizards
17597,Suomi Tietopeli
22209,Muumipeli
176494,Isle of Skye: From Chieftain to King
35177,The Winning Touch
162596,Darkest Crusade
176070,Magic Realm Light 30
227527,Take the Galaxy
194285,Dance Arena 200
203420,Exit: The Game – The Abandoned Cabin
2667,What Were You Thinking?
65586,Splotch
51197,Hippos & Crocodiles
2311,Wild Life
33144,Brainstonz
31255,Knaves
5641,Nightmare
136280,La Boca
32757,Game of the Seven Kingdoms
3307,Wallenstein
9246,L'Attaque
1378,Odysseus
19242,Quazar
25972,Victory at Sea
31410,Realm of the Jade Goddess
6549,Pretty Pretty Princess
64061,Viinipeli
8486,Bed Bugs
143884,Machi Koro
128621,Viticulture
209010,Mechs vs. Minions
2492,Doctor Faust
129735,Boom Boom Balloon
2888,Starfire II
5503,Time Tripper
2342,Mystery Mansion
14074,Matchwitz
23427,Posse: Thirteen Against One
5258,Star Trek: The Next Generation Interactive VCR Board Game – A Klingon Challenge
91365,Taikyoku shogi
1690,Unexploded Cow
1820,Z-G
232414,Oceans
75828,The Thing
2223,Uno
9560,Indus
6706,Xerxes
822,Carcassonne
706,Frederick the Great
35468,On Top
7941,NATO: Operational Combat in Europe in the 1970s
515,6-Tage Rennen
7993,Pole Position
4845,Star Wars: Escape from Death Star
17161,Tempus
5383,MechWar '77
11139,"Bloody April: The Battle of Shiloh, 1862"
167,Dicke Kartoffeln
9973,"Cauldron: Battle of Gazala, May 1942"
590,Mille Bornes
41541,Are You the Traitor?
41054,You Robot
32248,Last Night on Earth: Growing Hunger
17274,Attacktix Battle Figure Game: Star Wars
2081,The Civil War 1861–1865
23890,The Black Pirate
33112,War
39647,Adji-boto
22847,Connect6
29351,Durak
22610,Liubo
59223,Diego Drachenzahn
9364,Doppelkopf
27594,Wehrschach
391163,Forest Shuffle
381078,Comet
298371,Wild Space
40005,The Caravan
90732,Hitstory
256980,The Color Monster
230061,MaGCK: The Matrix Game Construction Kit
341178,Bubble Stories
267314,My First Castle Panic
324467,Hey Yo
337683,Höllfahren
91475,Fidchess
150658,Pandemic: The Cure
240980,Blood on the Clocktower
32928,Mü and Lots More
112373,BraveRats
227603,Jack and the Beanstalk Game
89409,BattleCON: War of Indines
393429,Critter Kitchen
342736,Detecteam Family: A Pie Gone Missing
255668,Trickerion: Collector's Edition
99630,Rolling Stock
173752,The Cookie
121288,Dixit: Journey
281259,The Isle of Cats
98351,Core Worlds
393325,Captain Flip
382518,Sankoré: The Pride of Mansa Musa
368966,Ark Nova: Marine Worlds
179820,Tail Feathers
155426,Castles of Mad King Ludwig
294612,Unlock! Epic adventures
312267,Unlock!: Star Wars Escape Game
266121,Unlock! Heroic adventures
169855,Fujian Trader
245643,Luxor
246701,DOS
287591,Storytailors
90870,Pelican Cove
180263,The 7th Continent
180974,Potion Explosion
274960,Point Salad
123386,Baden-Württemberg Catan
204135,Skyjo
312484,Lost Ruins of Arnak
143741,BANG! The Dice Game
95840,Nimbi
186095,The Cat's Pajamas
205346,Beer Empire
166976,Consentacle
141418,LEADERS: The Combined Strategy Game
264295,Fabulantica
113544,Star Trek Klingon Edition Monopoly
241164,Jurassic Snack
241491,Who did it?
136375,Mágové z Hexanu
226610,What do you Meme?
261265,Monster Bunch
153004,Lemming
19301,Mesopotamia
2656,Inferno (board game)
20038,Catan: Event Cards
295565,Deckscape: Escape from Alcatraz
20111,The Golf Game: Par Excellence
2719,Connect Four
6504,Ace of Aces: Wingleader
266192,Wingspan
160477,Onitama
135649,Tales & Games: The Three Little Pigs
8110,"The Battle of Raphia, 217 B.C."
56835,Train of Thought
30021,Wavre: The Lost Opportunity
4479,Ratrace
152237,Pairs
164153,Star Wars: Imperial Assault
192153,Pandemic: Reign of Cthulhu
28829,Field Commander: Rommel
23094,Planet Steam
32484,The Battle for Hill 218
94365,Sultans of Karaya
66690,Dominion: Prosperity
33521,The Siege of Jerusalem
1865,Astrotime
3201,Lord of the Rings: The Confrontation
7483,Schatz der Drachen
173441,Bring Your Own Book
22065,Direct Conflict in Dimension Six
1726,Alexander the Great
1099,Downfall
4651,Stalingrad
43570,Friday
2334,Square Mile
16982,Fun House
1419,Pylos
39245,Neu
1259,Pivot
7939,Vector
21194,Looping
2294,Flinch
476,Mr. President
18657,Test Match
7470,BattleSpace
1887,Legend of the Five Rings
17572,Crazy Casino
4668,Lost Treasure
1568,Space Crusade
1337,Traboulet
14698,Keep Cool
126005,Punaisten ja valkoisten taistelu Suomessa 1918
6380,WarCry
10687,Tipsy Tower
2603,The Lord of the Rings Trading Card Game
2916,File 13
1552,Illuminati: New World Order
2535,Valley of the Mammoths
19540,Simpei
20217,Splash Attack
4460,Green Ghost
9060,Accasta
34481,Awithlaknakwe
1827,Chainsaw Warrior
19854,Federation Commander
23730,Gheos
12601,NFL Showdown
13728,Naval Battles
2680,Stock Ticker
2083,checkers
3998,Fortune
3484,Armada
829,Battle of the Bands
3245,Cerberus
531,Merchants of Amsterdam
7092,Battles for the Ardennes
125153,The Gallerist
1350,Das Amulett
5043,The Forever War
1157,Save Doctor Lucky
3350,Schaska
3646,Luftwaffe
912,Pacific Victory: War in the Pacific 1941-45
40793,Dice Town
40776,Arkham Horror: Innsmouth Horror Expansion
107489,From rags to riches
106753,Ooga Booga
1152,The Mystic Wood
2464,Swords & Sorcery
22545,Age of Empires III
7776,Laser Tank
8413,War of the Sky Galleons
9238,War in the Ice
10206,Make ’n’ Break
3600,Fifth Frontier War
10430,Solar Conquest
162152,ciúb
5687,Dirtside II
4248,City States of Arklyrell
697,Conspiracy
1234,Once Upon a Time
948,Dao
2211,Proteus
4813,Kamakura
1489,Deadwood
4962,1914
166669,San Juan
2375,Sequence
2038,Skirrid
3572,Invasion America
2312,Ringwraiths
2767,Snail's Pace Race
40580,YVIO
32441,Bezzerwizzer
11945,Linq
521,crokinole
37061,Star Fleet Battles
490,Warangel
11997,*Star
492,Aladdin's Dragons
1943,Bonkers!
22141,Cleopatra and the Society of Architects
12627,Cthulhu 500
17136,Da Vinci's Challenge
10595,Make-A-Million
6929,Ranger: Simulation of Modern Patrolling Operations
2213,Revolt On Antares
1250,Hacker
96913,Lancaster
2770,Stay Alive
2487,Why
2348,Lotus
11375,Onyx
828,Wizards
5651,The Longest Day
538,Manager
3463,Wizard
30527,Sixteen
3080,RSVP
753,Panzerkrieg: von Manstein & HeeresGruppe Süd
4401,Canal Grande
4126,Dixie
8946,Coda
38823,Conflict of Heroes: Storms of Steel
9408,Dos Rios
66499,Roope-Setä Liikemiespeli
29368,Last Night on Earth
54707,Phantom of Old Prague
14245,The Game of the District Messenger Boy
3758,Triopoly
127418,Zombiepox
30504,The Oxford history of board games
3499,Tri-Dimensional Chess
1217,The Labyrinth of Rings
27948,Beppo der Bock
2108,Starwars
73699,Carrera's chess
9440,Maharaja: The Game of Palace Building in India
334,Advance to Boardwalk
6707,Age of Mythology: The Boardgame
1402,Neolithibum
3218,Arab-Israeli Wars
8392,Buckaroo!
1302,Cosmic Wimpout
4888,Don't Break the Ice
6366,Dungeons & Dragons: The Fantasy Adventure Board Game
4041,Go to the Head of the Class
6830,Zendo
1581,London Cabbie
2975,Origins of World War II
3284,Star Wars Epic Duels
6653,Strange Synergy
3547,Survival of the Witless
279,The Very Clever Pipe Game
2397,backgammon
184502,Liar's Dice
63268,Dobble
55763,Mister X
96074,crazyhouse
11865,Koi-Koi
14054,Akaba
2243,Yahtzee
2471,Zombies!!!
15062,Shadows Over Camelot
2453,Blokus
110,Auf Achse
215842,Exit: The Game – The Polar Station
213460,Unlock! Escape adventures
284435,Nova Luna
66171,Dragonheart
237182,Root
103091,Catan Histories: Merchants of Europe
318977,MicroMacro: Crime City
154681,Flizz & Miez
316554,Dune: Imperium
157969,Sheriff of Nottingham
177524,Ice cool
219513,Bärenpark
217275,Cockroach Duel
214491,Paku Paku
63706,11 nimmt!
175324,Fog of love
93360,Battles for a Continent
156056,Traumatosaures
187377,Vikings Gone Wild
198961,Yeti in my Spaghetti
438998,Commonspoly
111828,Make 10 and 20
255545,Spy Code: Safe Breaker
126100,Mythos Tales
255674,Imhotep: The Duel
256952,Zombie Kidz Evolution
57925,Havana
38984,Mow
271460,Uno Flip!
177478,Iki
4564,Blue & Gray: Four American Civil War Battles
45315,Dungeon Lords
8101,Team Yankee
54998,Cyclades
6716,Star Wars: Yoda the Jedi Master
183251,Karuba
7243,8th Army
6005,Korea: The Mobile War
116463,Missing Words
147614,Crazy Time
180937,Nut Job
15238,International Cricket
19629,Monty Plays Scrabble
146886,La Granja
118535,À vos marques!
16366,Funny Friends
24416,Santy Anno
16362,Hula Hippos
21050,Combat Commander: Europe
26859,Kragmortha
62219,Dominant Species
7029,Field of Honor
67492,Battles of Westeros
6917,The High Crusade
4218,O Zoo le Mio
191687,Jungle Party
26997,1989: Dawn of Freedom
30884,Starship: The Game of Space Contact
4839,Berlin ’85: The Enemy at the Gates
3561,Ram Speed
8046,Alien Space Battle Manual
6740,Alaric the Goth: Fall of the Western Roman Empire
7389,The Castle (board game)
8306,Duel Magical
21985,Giro Galoppo
220877,Rajas of the Ganges
3271,Battlesuit
1965,Mertwig's Maze
19134,Fire & Steel
66188,Fresco
28553,Fictionary
18011,chaturanga
255613,Congkak
7804,Dracula
95364,Cubulus
191894,Imagine
8989,Hansa
8172,Coyote
35179,Globalissimo
40770,The Golden City
94446,Gothic Checkers
9372,Friedland 1807
30022,Quatre Bras: Stalemate on the Brussels Road
2258,The Stock Market Game
161970,Alchemists
13094,Category Game
18764,Spirou et les champignons géants
20963,Fury of Dracula
22484,Ingenious: Travel Edition
5475,After the Holocaust
11421,Uisge
126792,Myrmes
15874,Bushi shogi
4556,Patton's Best
5136,Corsaro
3533,Arena of Death
2470,The Extraordinary Adventures of Baron Munchausen
16387,Trimula
122515,Keyflower
7755,Victory in Normandy
98122,Monster Trap
63929,Hubba + Bubba
16156,On the Road to Abha
11622,Colony Delta
4298,Beachhead: A Game of Island Invasions in the South Pacific 1942-1944
151985,Evolution: Random Mutations
98229,Pictomania
4627,Ultra-Warrior
4247,Boarding Party
7467,The Lord of the Rings: The Two Towers Board Game
17143,Ironclads and Ether Flyers
269526,Valley of the Vikings
42206,7 ate 9
5438,The English Civil War
259830,Hedgehog Roll
134352,Two Rooms and a Boom
39492,Mangala
29223,Marrakech
22497,Straw
129622,Love Letter
25261,Tannhäuser
122970,Popkult
33604,Say Anything
43240,Maailman eläimet
133425,Quartets
104363,Rex: Final Days of an Empire
103515,Battles of Westeros: Brotherhood Without Banners
26204,Spion & Spion
59433,Scroubabble
124742,Android: Netrunner
27710,Catan Dice Game
86578,Yonin shogi
54138,Imperial 2030
101721,Mage Wars Arena
25234,Struggle for Rome
144860,Space shogi
19967,Uckers
38996,Washington's War
36522,2 de Mayo
39775,Kingsburg: To Forge a Realm
51195,Adaptoid
313261,Oriflamme: Ablaze
66797,Heckmeck Junior
117908,The Big Fat Tomato Game
12937,Star Trek: Deep Space Nine: The Board Game
163154,Falling Sky: The Gallic Revolt Against Caesar
65515,Nuns on the Run
110691,Qubic
368352,Satori
299150,Eile mit Weile
331820,Rolling Heights
406714,Mirror of Truth
144777,Mice and Mystics: Heart of Glorm
71721,Space Hulk: Death Angel – The Card Game
383499,Witchcraft!
103368,Epigo
70767,Smash Monster Rampage!
256883,Comanauts
106637,Ticket to Ride Map Collection 1: Asia + Legendary Asia
77548,Arkham Express
68305,High Frontier Expansion
161782,Kremlin
424581,Half-and-Seek
96778,Cyclades: Hades
380226,Forbidden Jungle
34373,Tiki Topple
26067,Dots
1198,Set
6974,Barbu
3955,Bang!
302425,Unlock! Mythic Adventures
215841,Exit: The Game – The Forgotten Island
27712,Inkheart
32164,Borneo
241590,Smart 10
295488,Andor: The Family Fantasy Game
284998,Reigns: The Council
229218,A Game of Thrones: Catan – Brotherhood of the Watch
25820,Rocroi
37380,Roll Through the Ages: The Bronze Age
223770,Startups
327056,Unlock! Kids: Detective Stories
310868,Checkmath
105037,Tournay
284108,Pictures
176558,Mafia de Cuba
95449,Fame Us
264055,Draftosaurus
150312,Welcome to the Dungeon
172386,Mombasa
344992,Evolution: New World
135281,Serenissima (Second Edition)
164354,Kryptos
18549,Tickle Bee
165401,"The divided Germany, 1945-1989"
225482,Texas Showdown
216428,Seikatsu
331491,The Generic Gangster Chase Game
31624,League of Six
32824,Panko card game
180459,The Game About Wikipedia
144826,Zombie 15'
19907,Nuclear Destruction
194594,Dice Forge
228867,Unlock! Mystery Adventures
226522,Exit: The Game – Dead Man on the Orient Express
245655,The King's Dilemma
123570,Strike
299252,Here to Slay
310873,Carnegie
257501,Call of the Archons
332290,Stardew Valley: The Board Game
223321,Detective
302417,Mia London
358690,Mantis
258451,Deckscape: The Mystery of Eldorado
344659,Best Act
266524,PARKS
297234,Taskmaster: The Board Game
342942,Ark Nova
129437,Legendary: A Marvel Deck Building Game
381999,Governance game
225460,Leader Foot
266810,Paladins of the West Kingdom
246297,Shadows: Amsterdam
191189,Aeon’s End
293835,Oltréé
291859,Riftforce
343898,Espresso Doppio
357726,51st State: Ultimate Edition
357563,Akropolis
132531,Roll for the Galaxy
176189,Zombicide: Black Plague
343905,Boonlake
263918,Cartographers: A Roll Player Tale
256680,Return to Dark Tower
184267,On Mars
267370,Cities: Skylines – The Board Game
274364,Watergate
163602,XCOM
152959,Catan - Anniversary Edition
180602,Game of Trains
194879,Not Alone
219509,Captain Silver
184473,Mystery! Motive for Murder
335275,Whirling Witchcraft
285253,Fiesta de los Muertos
195340,Clomping Creatures
351476,My City: Roll & Write
65901,Age of Industry
275817,Yum Yum Island
299684,Khôra: Rise of an Empire
127652,Pirates!
319793,Happy City
273339,Home From Oz
181279,Fury of Dracula
159675,Fields of Arle
330510,Yucatan
207448,Evolution: Plantarum
323784,Ghost Letters
217006,Carcassonne: Expansion 10 - Under the Big Top
371942,The White Castle
368899,Magic Keys
380452,Inside the Box
325515,Intime Conviction: The case of the Wine Cork
109681,Court
193537,Chad
68083,Gold Mine
172225,Exploding Kittens
157785,Tsoro Yematatu
119506,Freedom: The Underground Railroad
104955,Antike Duellum
170976,Dunsany's chess
130792,The enchanted tower
172308,Broom Service
206939,Dodelido
212300,Cosmail
202296,Wizardry to the power of three
23567,Cripple Mr Onion
117725,Sinco
17223,World of Warcraft: The Board Game
22924,Card football
88649,Ko shogi
102652,Sentinels of the Multiverse
5418,Victory by Any Means
30978,Starchess
21882,Blue Moon City
281549,Beast
167355,Nemesis
127095,Origin
364760,Bunker
241724,Villagers
286096,Tapestry
271324,It's a Wonderful World
244608,Menara
319754,Peek-a-Mouse
327076,Cartaventura: Lhasa
92415,Skull & Roses
216497,District Noir
235467,"Boom, Bang, Gold"
328479,Living Forest
224272,Hellapagos
356123,Turing Machine
292907,The Deadlies
314421,The Fuzzies
97277,Evolution: Time to Fly
250779,Sherlock: Death on the 4th of July
168839,Coach Ride to Devil's Castle
85897,Thunderstone: Dragonspire
316090,Vivid Memories
60131,Ugg-Tect
372649,Defenders of the Wild
91080,Andean Abyss
96703,Aether Captains: Clockwork Cabal
329175,4Mation
116998,Thunderstone Advance: Towers of Ruin
369560,Aurignac
251661,Oathsworn: Into the Deepwood
3099,Gettysburg
147151,Concept
3457,tabula
10917,Don't Quote Me
5048,Candy Land
137830,Felli
34303,Warriors of Mars
8786,Beyblade Trading Card Game
15020,Draw Out
1540,BattleTech
133473,Sushi Go!
182516,Game For Fame
144733,Russian Railroads
19040,ChiZo Rising
1408,Gammarauders
33876,Killer Bunnies and the Journey to Jupiter
11634,Mexican Train
103885,Star Wars: X-Wing Miniatures Game
1423,Storm Over Arnhem
8728,Ultra Marines
96649,Wildebeest Chess
157507,Ô ăn quan
24525,Attangle
34004,Big Points
244528,The mysterious magical lake
269603,Minecraft – Builders & Biomes
225694,Decrypto
98261,The Lord of the Rings: The Two Towers
97842,Last Will
230802,Azul
127997,Qin
193738,Great Western Trail
187651,Nex
254640,Just One
199561,Sagrada
198994,Hero Realms
148261,Seafall
206915,Tempel des Schreckens
191055,Kerala: The Way of the Elephant
191862,Imhotep: Builder of Egypt
204592,The Mysterious Forest
217449,NMBR 9
97661,Engage & Destroy
205359,Star Wars: Destiny
235213,Galacta: Star Commandos
198432,"Wait Up, Grandpa!"
229414,Tulip Bubble
216578,Half Pint Heroes
3661,Imperium
37046,Ghost Stories
13229,Trap
14017,Oceania
7609,Hue
1711,Richthofen's War
4957,Timberland
2942,Admirals
21551,SPQR
551,Battle Cry
987,Kingmaker
6471,Panguingue
1823,1829
5455,Tobruk
824,Hijara
42776,Gears of War: The Board Game
75165,De vulgari eloquentia
1500,Tric Trac
634,River Dragons
4694,Friends Trivia Game
7479,Warcraft: The Board Game
27708,1960: The Making of the President
7943,BattleTroops
2458,Battle Cattle: The Card Game
2937,Diceland
2956,Dirty Minds
911,Empires of the Middle Ages
5034,Empire of the Rising Sun
2307,Greyhawk Wars
14830,"Gunfight in the Valley of Tears, October 9, 1973"
24372,Bloodbath at the Sakarya
5339,Monopoly Junior
3836,Legend of the Burning Sands
4527,Notable Quotables
4052,Star Wars Trading Card Game
12628,True Dough Mania
4031,Jungle
5251,Camelot
26983,Dorn
8748,Golan
3464,Melee
84876,The Castles of Burgundy
41052,Loco Motive
9264,Tricolor
6275,Monster Collection
24697,Hexdame
22219,Turm & Wächter
165838,Space Hulk
36550,Bashni
26993,Teufelsrad
65200,Asteroyds
18034,Battles of the Third Age
22469,Avatar: The Last Airbender Trading Card Game
21022,Found Objects
25236,Ear Tug
3226,Bowl Bound
32687,Don't Drop the Soap
15045,Star Wars Risk: The Clone Wars Edition
28596,GridIron Master
328680,Krazy Maze
34583,Set Cubed
7480,Sword of Rome
41011,Wa shogi
66356,Wrath of Ashardalon
150145,Skull King
37001,SANQI
424219,Zenith
116954,Indigo
125440,Dragonfly
72809,Barbarossa
163412,Patchwork
217475,twenty one
91671,Mato Mato
120677,Terra Mystica
107529,Kingdom Builder
103460,Pox: Save the People
93038,Battles of Westeros: Tribes of the Vale
174182,Force of Will Trading Card Game
146312,Ghost Fightin' Treasure Hunters
35665,Eye Know
191538,Leo goes to the barber
176920,Mission: Red Planet
97786,Small World Underground
789,Focus
40237,Long Shot
32116,Airships
1376,Serengeti
3965,Snapshot
64159,The Settlers of Catan - Entry level version
820,Axiom
6253,Wacht am Rhein
9416,Westminster: The Election Game
8605,West of Alamein
6942,Drang Nach Osten!
8382,Light Division
7742,Confrontation
1723,Alpha Omega
4235,Fulda Gap
9633,Barbie Queen of the Prom
4293,The Great Redoubt
2192,Rivets
125525,Nickropolis
180020,Virus!
10855,Le Paresseux
38054,Snow Tails
59149,Bunny Bunny Moose Moose
25030,Dragonlord
95619,Chaos in the Old World: The Horned Rat Expansion
26064,shatranj
14996,Ticket to Ride: Europe
5193,The Fury of the Norsemen
437,Master Labyrinth
7067,Schloss Schlotterstein
20328,I.U.opoly
7109,Fifth Corps
1512,Hexagony
2757,Marine: 2002
4320,The Air-Eaters Strike Back!
7770,Rapier & Dagger
504,Die Verbotene Stadt
15274,La Bataille de la Moscowa
4918,Great War at Sea: U.S. Navy Plan Orange
1908,G.O.O.T.M.U.
92247,Beagle-opoly
4427,Super Cluedo Challenge
148767,Brandon the Brave
230059,Crossfire
296912,Fort
92319,Olympos
236191,London
192934,Colony
140934,Arboretum
103092,Helvetia
137594,The Settlers of Catan - Mini
137480,Gold am Orinoko
244916,Drop It
172542,Push a Monster
309105,Sagani
262543,Wavelength
155987,Abyss
341919,Magic Mountain
291572,Oath: Chronicles of Empire and Exile
375651,That's not a Hat
154934,Pentominoes
171226,Starfighter
91514,Rhino Hero
101804,Top 13
28238,Kitty Bitty
107704,Fief
153773,Carcassonne: Expansion 9 - Hills & Sheep
40367,L'Anniversaire des triplés
118705,Ghost Blitz 2
259374,Belratti
234671,Pandemic: Rising Tide
25729,World at War: Eisenbach Gap
45020,Agricola Express
127024,Room 25
352181,Detecteam Family: Cheating Champions
125311,Okiya
217515,Space Pilot
229240,Ancestree
436217,The Lord of the Rings: Fate of the Fellowship
273779,Under Falling Skies: A 9-Card Solo Game
401242,Historical Mystery: Disappearance in the Sky
152758,Penguin
105551,Archipelago
37198,Risk
42702,Jackal
38657,Cities
331059,Last Message
378001,Moon River
32016,Gumball Rally
24762,Medici vs Strozzi
42795,Obélix contre Hattack
68228,Railways of the World: The Card Game
320718,Hidden Leaders
39813,Qwirkle Cubes
225167,Human Punishment: Social Deduction 2.0
29298,Descent: The Road to Legend
245214,Saboteur: The Lost Mines
340466,Unfathomable
99875,Martian Dice
90730,Dungeon in a Tin
337324,A.D.E.L.E.
47055,High Frontier
42142,Doctor Who: Solitaire Story Game
111866,Rise!
309113,Ticket to Ride: Amsterdam
255984,Sleeping Gods
416851,Castle Combo
326494,The Adventures of Robin Hood
163122,The President
131357,Coup
227072,The Chameleon
233775,duchess
50750,Belfort
38797,Uruk
144418,Wien Catan
192457,Cry Havoc
217949,A Column of Fire
140743,Catan Junior Madagascar
274637,Unmatched
136991,Loony Quest
123665,Délir'phone
182874,Grand Austria Hotel
118695,Riff Raff
91442,Zwerg Riese
287084,Oriflamme
97411,Captain's Log #16
369142,Savernake Forest
353545,Next Station: London
295785,Euthia: Torment of Resurrection
192458,51st State: Master Set
387866,Spark of Rebellion
376756,Detecteam Kids: Once upon an Island
5056,D.A.K.
208663,Godforsaken Scavengers
388470,Against the Shadow
34639,The Dungeon of D
392491,Taco Kitten Pizza
411565,Alibi: A Dish to Die For
101785,D-Day Dice
193322,Master of Orion: The Board Game
193949,Star Trek: Ascendancy
192547,Go Cuckoo!
93006,Resan genom Sagoland
124708,Mice and Mystics
1111,Taboo
4532,Thud
18602,Caylus
16991,Khet
22008,Kriegspiel
2397,Tavli
18574,Dark Force
3794,Legend of Zagor
699,HeroQuest
3406,Lines of Action
3768,Dingbats
117871,Camette
147859,Order and Chaos
50381,Cards Against Humanity
45748,Carcassonne: Wheel of Fortune
115293,Fortress America
100423,Elder Sign
67928,Puzzle Strike: Bag of Chips
21523,Runebound
76150,Revolver
2093,mahjong
26884,Escalation!
24509,Gambit Royale
47046,Gambit 7
26235,Pick & Pack
402475,Super Miaou
33154,Wasabi!
34171,Potion-Making: Guild Of Alchemists
47389,Roll Through the Ages: The Late Bronze Age
82222,Xia: Legends of a Drift System
65590,Bumbesi
54201,The d6 Shooters
67436,Harry Potter Hogwarts
460363,Secret Ritual
39339,Android
242639,Treasure Island
26231,Oppression
80933,Sandwich
153318,Dimension
131616,Nautilus
89392,Mitch
163839,Feudum
22198,Great Wall of China
96713,Deadwood
22237,Close to the Border
181304,Mysterium
142992,Gravwell: Escape from the 9th Dimension
5875,Last Battle: Twilight 2000
2224,Circus Imperium
13520,La Bataille d'Albuera: Espagnol
10593,Hepta
172358,Master Fox
6090,Pack of Flies
22864,Zeus on the Loose
137408,Amerigo
30020,La Belle Alliance: The Battle of Waterloo
3727,Carla Cat
13804,Wellington in the Peninsula
20429,"Supercharge: Battle of El Alamein, October 1942"
102881,Trench
183284,Factory Funner
20542,Advanced Squad Leader: Starter Kit #3 (2007)
24304,Unspeakable Words
36553,Time's Up! Title Recall!
37141,Time's Up! Deluxe
38032,Byzanz
54986,duck! duck! SAFARI!
295293,The Thing: The Boardgame
4413,Star Trek III
22908,Buck Rogers
1695,The Legend of Robin Hood
42336,Ultimate tic-tac-toe
28089,Burg Appenzell
94953,Investopoly
5606,King Arthur's Knights
244522,That's Pretty Clever!
6578,Electronic Dream Phone
202670,Ticket to Ride: Rails & Sails
239188,Chronicles of Crime
36887,Waterloo
36659,Free Trader
371077,Arborea
39856,Dixit
137136,Pandemic: In the Lab
39861,Memoir '44: Campaign Book Volume 1
28723,Before the Wind
34499,Race for the Galaxy: The Gathering Storm
39210,Tier auf Tier: Das Duell
42964,Railways of England and Wales
46396,Ubongo 3D
40958,6 nimmt! Junior
104557,Dominion: Hinterlands
125315,FlowerFall
57139,Infection Express
79127,Star Trek: Fleet Captains
39463,Cosmic Encounter
10640,Doom: The Boardgame
13654,Yut
287515,China’s War: 1937-1941
252877,Wreck Raiders
342921,The British Way: Counterinsurgency at the End of Empire
127518,A Distant Plain: Insurgency in Afghanistan
435346,Mooki Island
373055,Ritual
411420,Message in a Bottle
133664,Diamond
285192,Destinies
91873,Strasbourg
156943,Saint Petersburg
446699,Ants
368270,Destinies: Witchwood
63712,Accordion
426129,Dune: Imperium – Bloodlines
365258,World Wonders
396989,Evenfall
418059,SETI: Search for Extraterrestrial Intelligence
178900,Codenames
144845,Middle Earth
188188,Complots
131260,Qwixx
77423,The Lord of the Rings: The Card Game
95802,Shards of the Throne
289363,Ms. Monopoly
269624,Bauernhof-Bande
201808,Clank! A Deck-Building Adventure
203416,Exit: The Game – The Pharaoh's Tomb
221107,Pandemic Legacy: Season 2
279613,Unlock! Timeless adventures
208707,Aquatika
252929,Planet
295486,My City
68224,Labyrinthine
170586,Sedma
94246,1812: The Invasion of Canada
179719,Game of Thrones Risk
173346,7 Wonders Duel
126163,Tzolk'in: The Mayan Calendar
145639,Crazy Coconuts
218863,Ta-Ke
156878,tummple!
306676,Tales from the Loop
216132,Clans of Caledonia
177590,13 Days: The Cuban Missile Crisis
287693,Anubixx
3365,Gumshoe
30380,Cuba
30239,The Golden Compass
2587,Cross of Iron
19600,Antike
1493,1853
5620,Vietnam: 1965-1975
6726,Star Wars: The Ultimate Space Adventure Game
5992,Operation Grenade
4370,"Fish, fluff, meatballs"
1722,Caesar's Legions
11514,Musket & Pike
1590,Stocks & Bonds
1577,Source of the Nile
33701,Wahoo
3549,Superpower
1431,War at Sea
300,Tutankhamen
29421,Siemens Grand Prix Game
4249,Trias
16772,Mall of Horror
41916,The Magic Labyrinth
13414,Star Probe
23425,Down Styphon!
81250,Stich-Meister
22821,Shattered Empire
18212,Dungeons & Dragons Adventure Game
3022,Clue VCR Mystery Game
1703,Kula Kula
12346,Spooky stairs
4675,Knight of Justice
203430,Fuji Flush
982,Amoeba Wars
746,"The Game of France, 1940"
1594,Federation Space
638,Hera and Zeus
23654,Scurvy Musketeers of the Spanish Main
5685,Space Hop
2338,Starship Catan
3655,The Settlers of Canaan
2607,Totopoly
10966,Battle Rider
581,Tile Chess
1875,Isolation
13308,Niagara
550,Barbarossa
11733,Briscola
36799,Chapayev
21763,Mr. Jack
2125,Game of the Amazons
194880,Dream Home
108745,Seasons
103649,The City
144344,Rococo
102680,Trajan
137297,Rise of Augustus
83330,Mansions of Madness: First Edition
156776,"Warhammer 40,000: Conquest"
146021,Eldritch Horror
187645,Star Wars: Rebellion
197831,Dark Souls – The Board Game
171129,Spinderella
209592,Trumped Up Cards
183006,Qwinto
157354,Five Tribes: The Djinns of Naqala
157779,Barragoon
165722,KLASK
136063,Forbidden Desert
220256,Monster-Pups
146508,T.I.M.E Stories
40962,Burg der 1000 Spiegel
68475,The Cottage of Content or the Blessings of Cheerfulness & Good Temper
199690,Squirrel Rush
218314,3 Secrets
18289,Key Largo
9217,Saint Petersburg
29355,High
13642,Louis XIV
2272,Aggravation
20935,Magikon
118048,Targi
2266,Gobblet
28128,Pah Tum
42131,War of the Ring
17691,Djambi
15617,Gnav
61798,Astérix et la Potion magique
21241,Neuroshima Hex!
18765,Shabadabada
19842,Bauernroulette
7614,A World at War
8093,Bull's-Eye Ball
5894,Twister
1323,Cry Havoc
4112,Hex
2573,"Rivers, Roads & Rails"
10093,Axis & Allies
160499,King of New York
173090,The Game
118247,Lucky Numbers
111799,Cuba Libre
174430,Gloomhaven
158600,Hanamikoji
166023,Herakles
171499,Cacao
217372,The Quest for El Dorado
150376,Dead of Winter: A Cross Roads Game
193621,Joking Hazard
162039,Zoophoria
182094,BANG! The Duel
173132,Ludix
85245,Magician's Kitchen
134626,Golden Horn: Von Venedig nach Konstantinopel
184151,Legend of the Five Rings: The Card Game
192909,Sneaky Cards
34169,Potion-making: Practice
217619,Sherlook
15512,Diamant
27627,Talisman
11670,Authors
8220,Civil War
18932,Siena
11581,Kingen
31766,Tactics
2381,Scattergories
12751,007
5716,Balloon Cup
2539,Urland
35346,Colorito
19685,Chess Mutation
19113,Déconnaissance
22947,Exxit
5446,The Conquest of Oil
2516,Man O' War
30966,Knightmare Chess
131646,Merchant of Venus
47185,Warhammer: Invasion
28838,Bleach Trading Card Game
148949,Istanbul
33767,Yavalath
24151,Skullduggery
94732,Lego Heroica
122522,Smash up
159655,Mariáš
92465,Sporz Original Outbreak
26047,Civilization: The Card Game
20281,Inkan aarre
151491,wolf chess
89668,Bits
2633,DOG
91534,Struggle for Catan
5476,A Gleam of Bayonets: The Battle of Antietam
24511,Simply Catan
306040,Merv: The Heart of the Silk Road
7015,Kriegsmarine
6826,The Campaigns of Robert E. Lee
1249,Safari Jack
704,Montgolfière
2988,Sticks & Stones
264220,Tainted Grail: The Fall of Avalon
4920,5th Fleet: Modern Naval Combat in the Indian Ocean
206718,Ethnos
25460,Kasserine: Baptism of Fire
22221,K'dor
37721,Zen the initiate
260410,Horizon Zero Dawn: The Board Game
3986,Battle for Germany
16373,Techno Witches
23142,Mag·Blast: Third Edition
27048,Duel in the Dark
6476,"Yalu: The Chinese Counteroffensive in Korea, November 1950 to May 1951"
20079,Pacific Typhoon
35052,Axis & Allies Anniversary Edition
43868,The Adventurers: The Temple of Chac
182134,Evolution: Climate
313241,Micons
69851,Aliens: This Time It's War
9049,Teenage Mutant Ninja Turtles Game
463,Magic: The Gathering
31360,Laborigines
34599,Toledo
32245,Fortuna
15817,Manila
5962,Xeno
259397,Catan Scenario: Crop Trust
300010,Dragomino
13584,Clan War
67823,Piou Piou
5478,Crazy Circus
172931,Outfoxed!
72941,Beda Fomm
130882,Cardline: Animals
262341,TMMC
22428,Gridlock
355483,Wandering Towers
8964,Funny Bunny
5482,Devil's Den
19914,Hexxagon
2753,Demon's Run
24230,Glik
9752,Operation Greif
30660,Millennium 3D Chess
2608,King Oil
9526,Figure It Out
2478,Quirks
39636,Aku Ankka
18840,Wissens-Spektrum
31113,Quod
99277,A Trip To Mars
27368,Living Landscapes
199611,Shiftago
16977,Codename: Kids Next Door Trading Card Game
7320,Elefun
235655,Dragon'g Breath
24005,Qadardalikoi
33799,Fruttirelli
111532,Hetrix
30011,"Orbit, a Brain Game"
45351,Mythgardia
9794,Rummoli
181530,Runebound
15731,The Game of Life Card Game
12616,Zingo!
17724,Mister Zero
6203,Enemy at the Gates
39242,Black Friday
1000,Corona
3370,Connections
1144,The Warlock of Firetop Mountain
5786,Star Trek: The Enterprise 4 Encounter
1184,Rock Island
3573,Napoleon at Waterloo
40831,The Pillars of the Earth: Builders Duel
20228,Big Kini
2907,James Clavell's Tai-Pan
71671,Yggdrasil
3590,Campaign Trail: The Game of Presidential Elections
2062,Deal Me In
12020,Quadromania
8083,Cowgirls
12829,Ice Cream
5275,Piercing the Reich
8803,The American Revolution: 1775–1783
10946,The American Civil War: 1861–1865
1406,Monopoly
30539,Get Bit!
6979,Match of the Penguins
19825,Connex'Oh
24703,Heroscape Marvel: The Conflict Begins
31627,Ticket to Ride: Nordic Countries
34969,Ubongo: Duel
38359,The 3 Commandments
42651,Airborne in My Pocket
84159,Junta: Viva el Presidente!
102275,Lord of the Rings: The Adventure Deck Game
111661,7 Wonders: Cities
3512,Doorways to Adventure
3110,Dragon Rage
5197,Helltank Destroyer
724,Chill: Black Morn Manor
1504,Bakschisch
1780,Knights of Camelot
4436,Cityfight: Modern Combat in the Urban Environment
129976,Game of Thrones: The Card Game
6516,Epic
3800,Himalaya
569,Maestro
12002,Jambo
6472,A Game of Thrones
3818,Alias
712,Blood Bowl
56796,Dōbutsu shōgi
4229,Spellfire
2651,Power Grid
185221,Lost & Found
30549,Pandemic
66646,"Carcassonne: Expansion 8 - Bridges, Castles and Bazaars"
90137,Blood Bowl: Team Manager – The Card Game
28302,Oware
362541,Ticket to Ride: San Francisco
342219,Africa & Middle East
4102,Europa Universalis
4386,Fanorona
39486,Krur
40982,Tai shogi
19427,Gemblo
123408,Serpent's Tongue
299939,Doodle Dungeon
313924,Western Legends
115076,San Guo Yan Yi Qi
235982,RWBY: Combat Ready
363351,Helsinki
378293,Daruma
148228,Splendor
179172,Unfair
384213,Fromage
390094,FTW?!
380300,Uno Flex!
93538,Battleship Galaxies
192135,Too Many Bones
310789,Catapult Feud
385610,Kutná Hora: The City of Silver
179687,ABBA Monopoly
159458,Mice and Mystics: Downwood Tales
112686,Epic Spell Wars of the Battle Wizards: Duel at Mt. Skullzfyre
233312,Stuffed Fables
144797,Argent: The Consortium
225244,Ticket to Ride: Germany
155820,Cyclades: Titans
366013,Heat: Pedal to the Metal
139771,Star Trek: Attack Wing
91872,Dungeons & Dragons: The Legend of Drizzt Board Game
100901,Flash Point: Fire Rescue
568,Rage
2043,Shogun
464,Billabong
209477,Chicago
3076,Puerto Rico
3495,Harry Potter Trading Card Game
6787,Deutschlandreise
1897,Starfarers of Catan
6283,The Ungame
22889,Pictureka!
548,Buck Rogers – Battle for the 25th Century
13328,Chromino
67239,Settlers of America: Trails to Rails
8548,Gounki
18803,Black Stories
13714,Qubic
17118,Rithmomachia
1899,13 Dead End Drive
25669,Qwirkle
39620,Vai Lung Thlan
12942,No Thanks!
9354,Privacy
586,Up Front
4098,Age of Steam
28805,Middle-Earth Strategy Battle Game
472,Dungeonquest
1269,SKIP-BO
2596,Villa Paletti
2842,TransAmerica
2163,Space Hulk
19841,Pentago
6874,Müller und Sohn
2972,Fantasy Business
18258,Mission: Red Planet
24455,A History of Chess
431929,Onward
40432,Stratego
23541,Dinosaurus
2296,Bermuda Triangle
8363,Turning Point: The Battle of Stalingrad
32114,Merchants
69789,Ascension: Deckbuilding Game
30328,Battleground: Crossbows & Catapults
40210,Race for the Galaxy: Rebel vs Imperium
15126,Advanced Squad Leader: Starter Kit #2
23604,The World Cup Game
40455,Skirmish Wars: Advance Tactics
60153,War of the Ring Collector's Edition
38430,Timber Tom
38855,Carcassonne: Expansion 7 - The Catapult
28143,Race for the Galaxy
374765,Detecteam Kids: Max the Cat аnd Friends
311441,Tiny Towns: Villagers
65556,Sumo Ham Slam
78727,Power Grid: Russia & Japan
378476,Mycelia
26566,Homesteaders
92828,Dixit: Odyssey
100089,Inspector Moss: House Arrest
83734,Strike of the Eagle
402111,Kronologic: Paris 1920
22897,Dreamblade
17522,Armageddon
63888,Innovation
3825,Breakthrough
5749,Simon
475,Taj Mahal
19916,Cups
3409,The Napoleonic Wars
17226,Descent: Journeys in the Dark
27682,Ultimate Werewolf: Whitebox Edition
25568,Metropolys
31291,España 1936
40990,Word on the Street
1860,Dragon Dice
48726,Alien Frontiers
99479,Mare Balticum
134603,Alice Chess
460,Railway Rivals
19357,Teenage Mutant Ninja Turtles: Tower of Doom
14186,Bao
986,Babel
1927,Munchkin
2173,four-player chess
2932,tafl games
4734,Transylvania
21709,Jericho
9921,Headache
2080,Central America
1430,Caesar
1071,Aztec
1178,Sphinx
2166,Wyvern
98778,Hanabi
4097,Raise the Roof
5201,Trailblazer
11081,Familienbande
761,The Great Brain Robbery
17457,He & She
2598,Tank Battle
7060,NORAD
2216,Vampyre
815,Chrononauts
25674,Khronos
10660,Micropul
14038,Anachronism
77849,Battles of Westeros: Wardens of the North
8490,Age of Napoleon
203401,Luther: Das Spiel
154203,Imperial Settlers
10005,Colomino
5590,Hallo Dachs!
5986,Ra: Strategy Among Hexagons
1072,Wat'n dat!?
23498,Affenstark
1262,Axis & Allies: Pacific
3639,Strange New Worlds
2121,The Sword and the Stars
1527,Bitin' Off Hedz
15839,Bonaparte at Marengo
42685,Connect 4x4
7398,Time Tunnels
1635,Demonlord
398,Wildlife Safari
2072,Panzer Command
8636,The Grape Escape
9143,War in Europe
420087,Flip 7
311193,Anno 1800
410991,Looot
379932,Third Crusade
370174,Euthia: Torment of Resurrection – Necromancer Hero (2023)
411875,Pixies
382924,The Guerrilla Generation: Cold War Insurgencies
457386,Carnuta
349748,StegegetS
367517,La Famiglia: The Great Mafia War
423517,3 Chapters
466831,Upgi Janggi
385529,The Vale of Eternity
382694,Historical Mystery: Death at the Ball
369646,Disney Lorcana
411567,The Gang
466829,Koma Janggi
458063,"Gods, Warriors & Beasts"
424455,Discat
431123,Cocktails
293474,Wolfenstein: The Board Game
413913,Sinister Institute
367966,Endeavor: Deep Sea
244521,The Quacks of Quedlinburg
156714,Doomtown
218333,Rhino Hero Super Battle
243430,Dealt!
230408,Monopoly Gamer
244320,SOS Dino
207653,Warhammer 40.000: Kill Team
165320,Afrikan tähti: Retkikunnat
244918,Exit: The Game – The Mysterious Museum
239307,Unlock! Secret adventures
148083,Dogs
163968,Elysium
73313,Elements
136888,Bruges
291457,Gloomhaven: Jaws of the Lion
243698,Djinn
204583,Kingdomino
145475,Hobbit Tales
90942,Mixtour
142645,Havok & Hijinks
214293,Mountains of Madness
158392,Stay Away!
158900,Samurai Spirit
191681,Lagoonis
177736,A Feast for Odin
180565,The mysterious Dragon Cave
203042,Microworld
217331,Schnapp die Nuss!
382927,Descent: Legends of the Dark – The Betrayer's War
306735,Under Falling Skies
453355,Historical Mystery: Treasures of the Galleon
409501,The Twisted Spooky Night
349369,Tabriz
127023,Kemet
332772,Revive
375459,Speakeasy
307534,Big Adventure
219650,Arydia: The Paths We Dare Tread
393888,Match!
301919,Pandemic: Hot Zone – North America
212445,Blood Bowl
431248,For a Crown
343847,Dustbiters
332386,Brew
342031,Dune: Imperium – Rise of Ix
207017,Pandemic: The Cure – Experimental Meds
393352,Perfect Words
255588,Inis: Seasons of Inis
259363,Spielesammlung
381247,Dragon Eclipse
19777,Indonesia
12277,It
39581,Citizen X
28650,Transformers
34848,Raumschach
5168,Agon
103343,A Game of Thrones
37628,Haggis
36932,Claustrophobia
21541,Missä lahjat herra Hakkarainen?
51401,Pentalath
24310,The Red Dragon Inn
22953,Soviet System
29805,Petits Meurtres & Faits Divers
38229,Giocagoal
128996,1775: Rebellion
2531,Valley of the Four Winds
33685,Gwyddbwyll
31970,Hydro Battle!
61506,Fast4Words
10081,Axis & Allies: D-Day
37937,Burosh
243757,Gangster City
23765,Infantry Attacks series
35722,Leap Frog
14077,Nîn-Gonost
63370,Post and Pair
13019,Sergeant Preston
25895,TacTix
24805,Tori shogi
42050,Eurobusiness
356033,Libertalia: Winds of Galecrest
436126,Finspan
431079,Historical Mystery: The Witch
205787,Sky Heist
375564,Crazy Adventures: Even More Adventures
466935,Coalition Chess
316287,Quest
399088,Uno Show 'Em No Mercy
185589,Islebound
205125,Ticket to Ride: First Journey (U.S.)
371140,Ticket to Ride: Northern Lights
361577,Evolution: New World – Butterfly Effect
405012,Arbolito
416817,Concilium Urbis
20782,Siam
7027,Guerilla
7995,Quits
22348,Duplik
63900,Pirate Plank
295571,Deckscape Crew vs Crew: The Pirates' Island
346101,The Queen's Gambit
29972,El Capitán
84464,Animal Upon Animal: Balancing Bridge
130176,Tales & Games: The Hare & the Tortoise
159375,Prime Climb
69552,Panic Station
233896,Resident Evil 2: The Board Game
129090,Roll For It!
2379,Guesstures
105134,Risk Legacy
123881,Takemo
34219,Biblios
25695,Chopstick Dexterity MegaChallenge 3000
46255,Campaign Manager 2008
20133,FAB: The Bulge
27940,RattleSnake
29773,Cheeky Monkey
31730,Wabash Cannonball
34119,Tales of the Arabian Nights
34375,Go Nuts!
119890,Agricola: All Creatures Big and Small
336986,Flamecraft
352981,Oriflamme: Alliance
68606,12 Realms
83157,"Engine, Engine No. 9"
90419,Airlines Europe
10521,The Final Frontier (board game)
303836,Destinies: Sea of Sand
29903,Chang Cheng
10508,Leinen los!
33494,Cosmic Journey
28516,Finger Baseball
7352,The Ythri
25693,Kings & Castles
31897,Anno 1701
27324,Power Projection: Fleet
35570,Tinners' Trail
123160,Battle for Souls
291453,Scout
67185,Sobek
153425,North Wind
17419,Catan 3D Collector's Edition
5886,Die Dracheninsel
132372,Guildhall
63875,Shax
11780,ASG Baseball
63632,Jerusalem! Tactical Game of the 1948 War
140535,Koryŏ
26114,Secrets of the Sea
19100,Hacienda
28738,Kamon
373835,Unlock! Kids: Stories From the Past
36399,The Napoleonic Wars
40651,Too Many Monkeys
185817,Metropolia
21798,HysteriCoach
40849,Pandemic: On the Brink
28259,Cutthroat Caverns
401002,My Puzzle Adventure: Dragon
31479,Ubongo Extreme
32048,Bobbin' Bumblebee
36345,Monty Python Fluxx
36648,Pyramid of Pengqueen
40381,Modern Art Card Game
43136,Chunky Fighters
14083,Fire in the Sky: The Great Pacific War 1941-1945
18460,Lock 'n Load: Band of Heroes
37208,Court of the Medici
40830,Genial Spezial
35503,Ra: The Dice Game
54433,Nanuk
84572,The Island of Fear
130196,Evolution: Continents
176173,Evolution: Flight
102148,NOIR: Deductive Mystery Game
65333,Magic Labyrinth: Card Game
31481,Galaxy Trucker
2895,Nanofictionary
26990,Container
13036,Cheyenne
42246,Hawalis
39489,Layli Goobalay
107255,Evo
6657,Such a Thing?
13455,Babylon 5: A Call to Arms
21790,Thurn and Taxis
31845,Livequiz
57409,Russian draughts
17449,Beowulf: The Legend
8920,BuyWord
38749,Catan Geographies: Germany
12409,Camp Granada
6923,CityTech
11464,Alquerque
7316,bingo
1155,Capitol
54043,Jaipur
21935,Chu shogi
24480,The Pillars of the Earth
13657,Mū Tōrere
21488,Ludus latrunculorum
26952,international draughts
350184,Earth
39351,Automobile
6819,Skat
68182,Isla Dorada
63975,Mountain Goats
17991,Tock
37400,Sushizock im Gockelwok
33458,"Carcassonne: Expansion 6 - Count, King & Robber"
249277,Brazil: Imperial
371972,Ierusalem: Anno Domini
62222,Commands & Colors: Napoleonics
65814,Dweebies
89695,RoboDerby: Express
125403,Dominion: Dark Ages
43691,Delve: The Dice Game
61028,D-Day Dice: Free Trial Version
249768,My First Adventure: Finding the Dragon
443428,Evolution: New World – The Cycle
7805,Fearsome Floors
19526,Elasund
17526,Hecatomb
20080,Aqua Romana
339789,Welcome to the Moon
22206,Tieto & Taito & Temppu
10816,blackjack
5072,Carrom
354451,Interplanetary
206938,The Rolling Witch
370591,Dorfromantik: The Board Game
270673,Silver & Gold
364942,Flashback: Zombie Kidz
213882,Mole-Rats in Space
251247,Barrage
254388,Tintin & Tintinors
347505,Nouvelles Contrées
207830,5-Minute Dungeon
230383,Memoarrr!
318546,CoraQuest
329379,Reversed Front: Dear Revolutionaries
296517,Contact: Signals from Outer Space
230080,Majesty: For the Realm
356742,KuZOOkA
322708,Descent: Legends of the Dark
246564,Le jeu aux mille titres
244523,Schlaraffen Affen
160010,Conan
243749,Cookies
244711,Newton
165657,Melee
218603,Photosynthesis
224517,Brass: Birmingham
270140,Go Gecko Go!
274023,Best Act
235591,History of the World
341914,Froggies
351937,Carla Caramel
352567,Jurassic World: The Legacy of Isla Nublar
212388,Animouv
367771,Stomp the Plank
236457,Architects of the West Kingdom
355947,Pin Pon!
370164,Fun Facts
5336,Talisman
20551,Shogun
6249,Alhambra
5295,Tactics
2448,Kalah
2407,Sorry!
15889,Scopa
154274,Samsara
3083,Submarine
4174,Lifeboat
34227,Blox
155767,Yin Yang
193164,Macroscope
42420,Terror of the Lichemaster
28436,Germany: Find Minden
14514,The Metric Mile
88402,Crappy Birthday
9464,Teenage Mutant Ninja Turtles: Pizza Power Game
3855,Crimson Skies
11964,Bloody Ridge
2853,Liftoff!
4353,Vector 3
8798,Winter War: The Russo-Finnish Conflict
329082,Radlands
4172,Veracruz: U.S. Invasion of Mexico 1847
17006,Arcanor
7349,The Korean War
11948,Généric
18098,Napoleon's Triumph
25951,The Castle of the Devil
30957,Tribune: Primus Inter Pares
31503,Slide 5
65516,Ablaze!
5885,Meschugge
3081,Rubik's Flip
108784,Ascension: Storm of Souls
37444,The Big Time!
36560,Click Clack
7973,My Haunted Castle
17826,Alpha Nature
130223,Auf die Nüsse!
7510,Shuttlewars
1598,Olympica
2151,Stomp!
5610,Dragons of Underearth
114115,By the Sword!
3089,Shootout at the Saloon
3881,The Last Starfighter: Tunnel Chase
2195,Globbo
6735,Star Explorer
12947,Napoleon at War: Four Battles
263189,Harry Potter: A Year at Hogwarts
4779,Easy Money
1410,Trouble
4486,Dragonslayer
2635,Finance
73091,Momentum
37836,Julius Caesar
5851,Quest
11022,Pig
21703,Mana
17392,Here I Stand
5717,Girl Talk
1969,Point of Law
32382,Gipsy King
13551,Oltre Mare
41146,Shintai
2472,Grave Robbers from Outer Space
3243,Wooly Wars
3041,Panzergruppe Guderian
18104,Banana Express
1706,UFO: Game of Close Encounters
10884,White Bear and Red Moon
1147,Outrage!
39776,Game of the Three Kingdoms
40244,The Checkered Game of Life
4193,War of the Sky Cities
3052,Sim City: The Card Game
1126,Car Wars The Card Game
7450,Domineering
4746,Dungeons & Dragons Computer Labyrinth Game
684,Monopoly: The Card Game
5322,tabletop football
4881,Personal Preference
10383,Risk Godstorm
8945,Stadium Checkers
12238,Switch 16
41010,My First Carcassonne
3598,Tracks to Telluride
25409,Salamanca
3360,Lexicon
19846,Menhir
481,Carolus Magnus
11930,Renju
65244,Forbidden Island
7256,Digit
2921,The Game of Life
9296,Warzone
21791,Masons
4396,Odin's Ravens
554,La Città
10819,Navia Dratp
20806,Three-Dragon Ante
915,Mystery of the Abbey
12157,Unanimo
1768,Fireball Island
1588,Bauernschlau
17785,Seti
1866,Brainstorm
8872,Atlanta
3465,Black Hole
1398,Chicago
36899,Nana shogi
2061,A Line in the Sand
2060,Probe
27172,Ponte del Diavolo
2518,Quicksand
3377,20 Questions
2789,Duck Pond
6312,Wiz Ball
675,4th Dimension
1245,Isis & Osiris
14438,Emergo
4493,Kayanak
3633,Civilization: The Boardgame
9084,Grunwald 1410
6333,Mighty Warriors
4230,Napoleon's Last Battles
4518,Sauerbaum
17904,Wir füttern die kleinen Nilpferde
2368,Battlecars
5454,Canadian Checkers
10517,In a spin
916,Pete the Pirate
3369,John Carter: Warlord of Mars
3157,All Star Baseball
1608,Ambush!
229553,Gespensterburg
28649,Bug-opoly
3765,Babylon 5 Wars
3174,Titan Strike!
3248,Citadel of Blood
3851,Dune CCG
46925,Kámen – zbraně – papír
5895,Hungry Hungry Hippos
5260,Jedi Knights Trading Card Game
15162,Mall Madness
4737,Numble
2326,Pirate and Traveler
6744,Feudal Lord
283355,Dune
173105,The Great War
361958,Maple Valley
345868,Federation
242804,Lowlands
246784,Cryptid
334986,Daybreak
124548,The Doom That Came To Atlantic City
245045,Deckscape: Heist in Venice
96848,Mage Knight Board Game
330084,Unlock! Legendary Adventures
169918,Magia Cum Laude
146606,Beware of the Fox!
169654,Deep Sea Adventure
283718,Deckscape: The Curse of the Sphinx
299028,Dream Catcher
343387,Deckscape: Dracula's Castle
312804,Pendulum
315200,Fantasy Realms
374400,Unlock! Extraordinary adventures
295947,Cascadia
175755,The Lord of the Rings: Journey to Mordor
188920,This War of Mine: The Board Game
346703,7 Wonders: Architects
206051,Insider
374173,Star Wars: The Deckbuilding Game
280789,Pandemic: Rapid Response
361335,Bunny Hops!
205059,Mansions of Madness: Second Edition
241488,Where's Mr. Wolf?
409572,Intent to Kill
293207,Eila and Something Shiny
377836,Morris the Dodo
211716,John Company
242302,Space Base
265017,Tortuga 2199
200999,Colosseum
35677,Le Havre
13301,Caribbean
18297,Experiment
12694,Brax
8863,Horus Heresy
22863,Luck of the Draw
19764,PÜNCT
31999,Tzaar
98189,Casse-toi pov' con
35548,Jumbulaya
24498,L'Enclos
8935,Shazamm!
17133,Railways of the World
79828,A Few Acres of Snow
22503,Bau cua ca cop
16233,Brain Chain
16035,Cranium Whoonu
6638,Fight in the Skies
12776,Dragonchess
14346,I Vant to Bite Your Finger
7310,One False Step for Mankind
12071,Replay Publishing
17053,Sleeping Queens
27833,Steam
296514,Robots
31497,Oregon
258309,First Contact
227789,Heaven & Ale
245934,Carpe Diem
24224,Anasazi
241266,Little Town
45319,Alcazar
232918,Fallout
21293,Celtica
191895,Toddles-Bobbles
5680,Lee vs. Grant: The Wilderness Campaign of 1864
26147,Split Personality
18013,High Spirits with Calvin and the Colonel
275032,Ghost Adventure
293309,Kraken Attack!
33902,Hopse Frosch
345972,Cat in the Box
318560,Witchstone
303672,Trek 12: Himalaja
4678,The Search for Spock
338093,Ancient Knowledge
242667,Dark Souls: The Card Game
19643,World of Warcraft Trading Card Game
24742,Cold War: CIA vs KGB
34194,Aquaretto
376683,In the Footsteps of Darwin
27976,Heroscape Master Set: Swarm of the Marro
38386,A Castle for All Seasons
38464,Crash by Crash
234673,1918: Brother Against Brother
4646,Bommerz over da Sulphur River
284083,The Crew: The Quest for Planet Nine
2872,Terrace
9963,Santorini
40914,Afrika Korps
410273,Balconia
436055,Black Book: The Board Game
21265,Courier chess
19679,Hordes
3439,HeroClix
5374,ouk chatrang
19237,Cash'n Guns
5692,Flintloque
7860,The Simpsons Trading Card Game
13614,Chancellorsville
187517,Alemungula
2557,Castle Risk
3044,Air Assault on Crete
32742,Bookchase
10453,Crocodile Dentist
40270,Call of Cthulhu: The Card Game
7008,Preferans
35769,Chinesenspiel
21861,three musketeers
6862,Lasca
73863,Grimoire
2785,Game of the Goose
28389,Minishōgi
124361,Concordia
3312,1776
2816,Crossfire
12568,Obsession
73761,K2
5206,Ogre
1339,Dungeon!
62637,Viewpoint
4862,Outburst
2132,Guardians
21441,Mykerinos
1558,Rogue Trooper
104553,Moeraki: Kemu
535,Power Barons
88926,Battles of Westeros: Lords of the River
1833,The Willow Game
2639,Panzer Leader
4471,Fist of Dragonstones
12040,Omega Chess
33061,Défifoo
7277,Squander
71021,Evolution: The Origin of Species
3177,Battle for Armageddon
19859,Breakscore
7644,Cherry Ames' Nursing Game
18352,Fields of Action
85287,Thai checkers
764,Mad Gab
1970,Oh-Wah-Ree
19735,Terakh
37751,Tri-Chess
20100,Wits & Wagers
126042,Nations
20195,Six
8719,The Next War
197405,Tak
188834,Secret Hitler
41114,The Resistance
41898,Epäillyt
204027,Cottage Garden
123540,Tokaido
158899,Colt Express
183231,Adventure Land
70149,Ora et Labora
145421,Colossal Kaiju Combat
127398,The Legends of Andor
24396,War on Terror
24508,Taluva
27680,1936 Guerra Civil
209778,Magic Maze
66590,Just4Fun Colours
69779,Polis: Fight for the Hegemony
22168,Ironclad
94746,Coffee
12841,Space Opera
175117,Celestia
22392,TEG
66659,Vauhdin Maailma
3567,RollerCoaster Tycoon
147020,Star Realms
40393,Fits
70323,King of Tokyo
121921,Robinson Crusoe: Adventures on the Cursed Island
43443,Castle Panic
55690,Kingdom Death: Monster
171623,The Voyages of Marco Polo
203411,Word Slam
167791,Terraforming Mars
8443,Crash! The bankrupt game
38226,Flibbix
18737,Godzilla Game
9161,Highlander: The Card Game
23742,Ironclads series
37917,Jeson Mor
13563,Sexy Slang
27970,Star Wars PocketModel Trading Card Game
29500,watermelon chess
11104,Who's the Ass?
54137,Battle Sheep
27339,3 Man Chess
414317,Harmonies
379959,The Battle of Versailles
421844,Evenfall: The Crystal Path
217547,Can't Stop Express
218208,Ticket to Ride: First Journey (Europe)
245271,Forbidden Sky
365702,Saboteur: The Dark Cave
350636,Unlock! Game Adventures
281946,Aftermath
385761,Faraway
406854,Odin
364186,Terra Nova
410201,Wyrmspan
373284,Crack List
342810,Marrakesh
155821,Inis
362723,Escape from New York
284189,Foundations of Rome
352515,Trio
253284,Ticket to Ride: New York
347146,St Patrick
362944,War of the Ring: The Card Game
329551,Mosaic: A Story of Civilization
367206,Mysterium Kids: Captain Echo's Treasure
284785,Sherlock Junior: Suriguri
161965,Johari
340237,Wonder Book
249505,Nyctophobia
283155,Calico
332800,Summoner Wars
2157,Riddle of the Ring
230498,Deckscape: The Fate of London
232043,Queendomino
72957,Nino Delfino
254018,Solenia
59776,Razzo Raketo
135116,Rent a Hero
139780,Merlin Zinzin
362860,Dice Hunters of Therion
171668,The Grizzled
328871,Terraforming Mars: Ares Expedition
26457,Successors
64829,Patzam
18757,Bermude
40834,Dominion: Intrigue
367295,Powerline
331106,Warhammer The Old World
66098,Dominion: Alchemy
37196,Sorry! Sliders
38548,Fast Flowing Forest Fellers
38159,Ultimate Werewolf: Ultimate Edition
22143,EastFront: The War in Russia 1941-45
33468,Zombie in My Pocket
37301,Decktet
39953,A Game of Thrones: The Card Game
234477,Battle for Rokugan
75358,SNCF: France & Germany
59959,Letters from Whitechapel
86003,Aether Captains
115098,Quarriors! Quarmageddon
66643,Uncle Chestnut's Table Gype
92898,Innovation: Echoes of the Past
297562,Kemet: Blood and Sand
102237,Drako: Dragon & Dwarves
72667,Mijnlieff
106645,Ticket to Ride Map Collection 2: India & Switzerland
182276,Marvel HeroClix: Infinity Challenge
256874,Legendary Encounters: The X-Files Deck Building Game
38388,Do you know Di?
203417,Exit: The Game – The Secret Lab
226518,Exit: The Game – The Sunken Treasure
8743,"Saipan: Conquest of the Marianas, June 1944"
420876,Spotlight
417197,Rebirth
377061,Coffee Rush
41372,Zombie in My Pocket
359124,The Animals of Baker Street
7314,Mystery Date
34152,Grind
16496,Roma
3154,Nautilus
144385,Subterranean Sewer Hockey
232520,Pioneers
145429,Lucky 13
29491,Dipole
29952,Quinamid
2879,Encore
58421,Egizia
159143,HUE
166384,Spyfall
12645,Rave
38741,"I Am, I Do"
9160,Neopets Trading Card Game
113924,Zombicide
26507,Occhio!
30684,Johnny Reb
30483,Antler Island
91536,Quarriors!
203427,Fabled Fruit
3090,Doctor Who: The Game of Time & Space
10509,Ringel-Rangel
137909,Bugs in the Kitchen
70313,Snelrekenspel
217083,LYNGK
23055,Dragons of Kir
26519,Dunkirk: The Battle of France
163841,18CZ
6920,The Omega War
7102,City of Sorcerers
17835,Monsters Menace America
1669,Mosby's Raiders
15064,Pimp: The Backhanding
13361,Spaceopoly
5195,The Farming Game
16533,Ætherverse
118410,Dirty Pig
242289,Cat Chaos
12146,Gonnect
360265,Sabika
425693,Historical Mystery: Bets are Made
464206,Sly3 card game
457501,Dig Deeper Dwarf
357873,The Old King's Crown
233867,Welcome To...
280203,Chicken Chicken
409621,Figgie
403221,Ticket to Ride: Paris
303837,Destinies: Myth & Folklore
311988,Frostpunk: The Board Game
124390,"Goblins Drool, Fairies Rule!"
259857,Jurassic Parts
302723,Forgotten Waters
350933,The Guild of Merchant Explorers
94731,Heroica: Fortaan
367466,Dune: Imperium – Immortality
388413,Whale to Look
395375,Art Society
410381,Cask Strength
366488,Ticket to Ride: Ghost Train
428787,Présages
346121,Botifarra
22811,Eureka
234487,Altiplano
161527,Catan: Ancient Egypt
156609,Impact
131958,Catan Scenarios: Frenemies
41699,Tintenblut
314040,Pandemic Legacy: Season 0
12415,Star Wars: Adventures of R2-D2
295948,Aqualin
13182,Korsun Pocket: Little Stalingrad on the Dnepr
9805,Habana Taxi
9013,Battle of the Five Armies
49261,Kraby
17315,Ping Win
104162,Descent: Journeys in the Dark (Second Edition)
24770,Quietville
157789,Pandemic: Contagion
39787,Bindle Rails
42361,Pocket Dungeon
168703,Pandemic: State of Emergency
282009,Evolution: Herbs and Mushrooms
313262,Shamans
401012,Detecteam Kids: Tales of the Plush Forest
90850,Dominion: Cornucopia
93193,Alien Frontiers: Factions
31563,Middle-Earth Quest
156318,Legends of Andor: Journey to the North
72287,Mr. Jack Pocket
66589,Navegador
95064,Ascension: Return of the Fallen
172454,ACHTUNG!
172235,Schrödinger's Cats
276894,Ticket to Ride: London
184921,Bunny Kingdom
150558,Donkey Racing
187050,Red vs White vs Blue: A Russian Civil War 1918-1922
66555,Tryangles
6832,The Siege of Minas Tirith
18348,Sigma Omega
192283,Emojito!
232444,Tief im Riff
8427,Silo 14
46213,Telestrations
24004,Missúm!
139443,Superfight
14757,Battle-Sphere
16258,War of the Star Slavers
6752,Attack!
855,Java
25554,Notre Dame
39938,Carson City
13103,Triolet
3737,Operation
1713,Maharaja
13716,Hasami shogi
14105,Commands & Colors: Ancients
66056,The Rivals for Catan
72991,Asara
8909,Luzhanqi
1107,Njet
8983,I.Q. 2000
1859,Doom Trooper
3554,Rich Uncle
1950,Mysteries of Old Peking
18885,Syllabus
3826,Unlur
8037,Patrol
6605,Track
1645,War of 1812
29387,Zombie Fluxx
1303,The Squirrel Game
1668,Modern Naval Battles
6915,1942
8829,Nobody is Perfect
13881,"Marengo: Napoleon in Italy, 14 June 1800"
19284,La Vache Amoureuse
374593,The Last of Us: Escape the Dark
194607,Mystic Vale
2704,New Tactical Games with Dice and Cards
17281,Fragrances
30324,Ca$h 'n Gun$: Live
15369,The Devil's Cauldron: The Battles for Arnhem and Nijmegen
29549,Saint Petersburg: New Society & Banquet Expansion
367220,Sea Salt & Paper
390092,Ticket to Ride Legacy: Legends of the West
92539,7 Wonders: Leaders
25021,Sekigahara: The Unification of Japan
294780,Uno Non-Partisan
2393,xiangqi
91523,Mondo
38950,Halma
43111,Chaos in the Old World
22278,12 Thieves
38453,Space Alert
90009,Eselsbrücke
39488,Lamlameta
18254,Bell and hammer
15818,Pickomino
132793,Janus Chess
209872,Keltis
29234,shatar
2795,Car Wars
811,Rummikub
1038,Tantrix
8790,Activity
2545,Contigo
8051,Attika
39271,Das Bohnenspiel
626,War and Peace
28396,It's Alive!
2947,Broker
2574,Apocalypse
4236,Dreadnought
5549,Whiskey Settlers
26458,Chandragupta
2268,Lost Patrol
1471,Gangsters
17490,Space Marines
16807,Swipe
11893,Andantino
1511,Outdoor Survival
2503,Godsfire
1857,Time War
6278,Aquarian Age
11036,No Middle Ground
2637,Rome at War series
3617,Operation Pegasus
6573,Husch Husch kleine Hexe
9577,Across Suez
2706,Attack of the Mutants!
4300,The Barbarians: Games of the Fall of Rome and the Mongol Invasion of Europe
5437,Raid on Iran
8412,Warriors of the Green Planet
19254,Blue & Gray
19766,City of Heroes Collectible Card Game
65611,Cthulhu Dice
29449,Death Stacks
91312,Discworld: Ankh-Morpork
16144,Fruit Spy
3669,Moon Base Clavius
1982,Black Spy
145428,Jinsei Game
7779,Heart of Oak: Naval Miniatures for the Age of Fighting Sail
97207,Dungeon Petz
3139,Goldland
37175,Playing Gods
7420,Star Wars Miniatures Battles
4815,The Campaign for North Africa
54672,Pop's Card Game
1566,Simply Cosmic
8429,Combat Command
2932,fidchell
164338,The Golden Ages
21920,Leonardo da Vinci
83195,Ghost Blitz
20432,Starfire
194655,Santorini
8195,Viva Topo!
37462,Tamerlane chess
43712,Los Alamos chess
27768,Finis ton Assiette
59294,Runewars
18656,Dragon Booster Trading Card Game
144857,Hexshogi
27800,The Market of Alturien
40970,Tenjiku shogi
144858,Trishogi
421904,The Vale of Eternity: Artifacts
466936,Six-Player Circular Chess (Hridayeshwar Singh Bhati)
466937,Harmegedo
5277,Overlord
2946,Pipeline
10578,Super 3
31260,Agricola
4974,"Wellington's Victory: Battle of Waterloo Game – June 18th, 1815"
73369,51st State
68943,Aether
5310,The First Galaxy G1
8993,Fire in the East
3063,March Madness
7112,NATO Division Commander
5058,Operation: Crusader
11054,Four Battles in North Africa
25677,Formidable Foes
21414,To the Last Man! The Great War in the West
37397,Power Grid: China/Korea
84783,Coerceo
2399,Senet
1422,Wadjet
2800,The Ironclads
4811,Diadem (board game)
2153,Grav Armor
1699,Star Smuggler
3095,Star Trek: The Adventure Game
5235,Samurai Blades
1753,Im Märchenwald
26162,Claim It!
10394,Avalanche: The Salerno Landings
199478,Flamme Rouge
41302,First Orchard
16747,Tumblin' Dice
164928,Orléans
65582,Regatta
96554,tabula
27162,Kingsburg
25821,The Werewolves of Miller's Hollow
31594,In the Year of the Dragon
25988,The game of fortress and siege
6771,Sceptre 1027 A.D.
170216,Blood Rage
28665,Dodge Bowl
76550,Sinnet
232974,Paco Ŝako
255664,The Binding of Isaac: Four Souls
37734,Cavum
202742,OrgasMe!
30381,Hamburgum
66875,Jagd auf Kohlenklau